"","uniqueid","enroldt","Pctpov","poverty_rate","integrated"
"1",1,"5/4/2004",25.13484358,24.6495636075112,25.13484358
"2",4,"5/5/2004",15.88310038,NA,15.88310038
"3",5,"5/5/2004",23.77560107,NA,23.77560107
"4",9,"5/5/2004",7.079241836,NA,7.079241836
"5",10,"5/5/2004",NA,NA,NA
"6",15,"5/5/2004",15.44344996,NA,15.44344996
"7",18,"5/6/2004",3.708867819,NA,3.708867819
"8",21,"5/6/2004",NA,NA,NA
"9",24,"5/7/2004",18.88671875,NA,18.88671875
"10",26,"4/13/2004",4.242101526,NA,4.242101526
"11",27,"5/7/2004",11.64057182,NA,11.64057182
"12",29,"5/7/2004",18.88671875,NA,18.88671875
"13",31,"5/7/2004",7.08143652,NA,7.08143652
"14",33,"5/7/2004",8.1743035,NA,8.1743035
"15",34,"5/17/2004",NA,NA,NA
"16",37,"5/17/2004",33.65751997,NA,33.65751997
"17",41,"5/18/2004",NA,NA,NA
"18",42,"5/18/2004",16.95854182,NA,16.95854182
"19",43,"5/18/2004",NA,NA,NA
"20",45,"5/18/2004",NA,NA,NA
"21",47,"5/18/2004",NA,11.583866207575,11.583866207575
"22",48,"5/19/2004",NA,NA,NA
"23",49,"5/19/2004",19.66466193,19.6646619281939,19.66466193
"24",51,"5/20/2004",6.252707581,NA,6.252707581
"25",53,"5/20/2004",NA,NA,NA
"26",55,"5/21/2004",NA,NA,NA
"27",76,"5/26/2004",23.59898108,NA,23.59898108
"28",77,"5/26/2004",28.73170732,28.2155688622754,28.73170732
"29",78,"5/26/2004",14.93251324,NA,14.93251324
"30",79,"5/27/2004",8.776206728,8.77620672842516,8.776206728
"31",80,"5/27/2004",11.80625631,NA,11.80625631
"32",83,"5/28/2004",3.172002978,NA,3.172002978
"33",84,"5/28/2004",6.037104623,NA,6.037104623
"34",86,"6/1/2004",10.48451152,10.377358490566,10.48451152
"35",87,"6/1/2004",15.81733951,NA,15.81733951
"36",90,"6/2/2004",NA,15.6345399040558,15.6345399040558
"37",93,"6/3/2004",6.896551724,NA,6.896551724
"38",94,"6/3/2004",9.639909977,NA,9.639909977
"39",98,"6/7/2004",NA,NA,NA
"40",99,"6/7/2004",NA,NA,NA
"41",103,"6/8/2004",NA,NA,NA
"42",107,"6/9/2004",9.241470686,NA,9.241470686
"43",108,"6/9/2004",27.24771789,NA,27.24771789
"44",109,"6/10/2004",23.84628018,NA,23.84628018
"45",111,"6/11/2004",NA,12.857847976308,12.857847976308
"46",112,"6/11/2004",NA,NA,NA
"47",113,"6/14/2004",NA,5.35190615835777,5.35190615835777
"48",116,"6/15/2004",NA,NA,NA
"49",118,"6/15/2004",NA,NA,NA
"50",119,"6/16/2004",4.982064568,4.9820645675568,4.982064568
"51",120,"6/16/2004",25.6508079,NA,25.6508079
"52",121,"6/17/2004",6.277452416,NA,6.277452416
"53",122,"6/17/2004",16.95854182,NA,16.95854182
"54",123,"6/18/2004",32.12321232,31.5334773218143,32.12321232
"55",129,"6/21/2004",13.43743127,13.4374312733671,13.43743127
"56",132,"6/21/2004",21.57738095,21.513353115727,21.57738095
"57",137,"6/22/2004",6.609349812,6.60225442834138,6.609349812
"58",138,"6/22/2004",38.28571429,38.0501656412683,38.28571429
"59",140,"6/22/2004",12.77085331,NA,12.77085331
"60",141,"6/23/2004",NA,NA,NA
"61",145,"6/23/2004",34.33559651,NA,34.33559651
"62",149,"6/23/2004",NA,NA,NA
"63",151,"6/24/2004",NA,NA,NA
"64",152,"6/24/2004",17.64705882,NA,17.64705882
"65",153,"6/24/2004",NA,NA,NA
"66",155,"6/25/2004",26.94562361,26.2763650699783,26.94562361
"67",158,"6/28/2004",32.12321232,31.5334773218143,32.12321232
"68",159,"6/28/2004",11.79872759,11.46282075295,11.79872759
"69",160,"6/28/2004",24.99016909,NA,24.99016909
"70",162,"6/28/2004",NA,NA,NA
"71",163,"6/28/2004",19.07570105,NA,19.07570105
"72",164,"6/29/2004",27.18393923,27.1544715447154,27.18393923
"73",168,"6/29/2004",33.61702128,33.5219236209335,33.61702128
"74",170,"6/29/2004",8.915696062,NA,8.915696062
"75",172,"6/30/2004",NA,NA,NA
"76",182,"7/6/2004",35.98997494,35.579781962339,35.98997494
"77",184,"7/6/2004",NA,NA,NA
"78",185,"7/6/2004",NA,NA,NA
"79",188,"7/6/2004",NA,NA,NA
"80",192,"7/7/2004",22.53909844,21.1571675302245,22.53909844
"81",195,"7/7/2004",10.53196382,NA,10.53196382
"82",199,"7/8/2004",21.50474799,NA,21.50474799
"83",200,"7/8/2004",30.24115993,30.0058719906048,30.24115993
"84",201,"7/8/2004",32.95568983,31.6795740561471,32.95568983
"85",202,"7/8/2004",NA,NA,NA
"86",204,"7/9/2004",22.33926625,NA,22.33926625
"87",205,"7/8/2004",3.014705882,NA,3.014705882
"88",208,"7/9/2004",22.46153846,22.4615384615385,22.46153846
"89",211,"7/12/2004",NA,NA,NA
"90",213,"7/12/2004",18.95043732,NA,18.95043732
"91",217,"7/13/2004",5.340042201,NA,5.340042201
"92",225,"7/14/2004",NA,NA,NA
"93",226,"7/15/2004",11.63095759,11.6309575863577,11.63095759
"94",227,"7/15/2004",16.54812019,NA,16.54812019
"95",232,"7/16/2004",3.492245836,NA,3.492245836
"96",234,"7/16/2004",NA,21.5693566381554,21.5693566381554
"97",235,"7/16/2004",23.05202888,23.0520288772716,23.05202888
"98",236,"7/16/2004",15.73474593,NA,15.73474593
"99",237,"7/16/2004",38.51336666,NA,38.51336666
"100",238,"7/16/2004",8.692616512,NA,8.692616512
"101",240,"7/19/2004",6.290699103,NA,6.290699103
"102",244,"7/20/2004",11.77870315,11.6676487919859,11.77870315
"103",245,"7/20/2004",14.48982761,NA,14.48982761
"104",247,"7/20/2004",5.347593583,NA,5.347593583
"105",249,"7/21/2004",NA,NA,NA
"106",254,"7/22/2004",11.23310811,11.0190555095278,11.23310811
"107",256,"7/23/2004",6.418642682,NA,6.418642682
"108",260,"7/26/2004",3.685612789,NA,3.685612789
"109",261,"7/26/2004",20.74263764,20.7426376440461,20.74263764
"110",263,"7/26/2004",28.61526659,19.4828937059284,28.61526659
"111",266,"7/26/2004",NA,NA,NA
"112",268,"7/28/2004",11.60553217,11.6055321707757,11.60553217
"113",271,"7/28/2004",2.882742501,2.79034690799397,2.882742501
"114",278,"7/30/2004",17.48489426,NA,17.48489426
"115",279,"7/30/2004",3.220769081,NA,3.220769081
"116",281,"8/2/2004",24.99016909,NA,24.99016909
"117",282,"8/2/2004",23.97779833,23.9777983348751,23.97779833
"118",283,"8/2/2004",9.308692676,9.28116469517743,9.308692676
"119",285,"8/2/2004",15.89879154,15.8867924528302,15.89879154
"120",289,"8/3/2004",27.24771789,NA,27.24771789
"121",290,"8/3/2004",14.48982761,NA,14.48982761
"122",291,"8/3/2004",31.7151526,NA,31.7151526
"123",294,"8/3/2004",22.33926625,NA,22.33926625
"124",295,"8/4/2004",17.1975631,NA,17.1975631
"125",296,"8/4/2004",9.837646681,NA,9.837646681
"126",299,"8/5/2004",19.3578151,NA,19.3578151
"127",300,"8/5/2004",2.384737679,NA,2.384737679
"128",301,"8/5/2005",NA,NA,NA
"129",308,"8/6/2004",21.78924259,NA,21.78924259
"130",309,"8/9/2004",22.46074976,21.7196596506941,22.46074976
"131",313,"8/9/2004",26.94562361,NA,26.94562361
"132",314,"8/10/2004",NA,NA,NA
"133",318,"8/10/2004",NA,NA,NA
"134",323,"8/11/2004",NA,NA,NA
"135",324,"8/11/2004",NA,NA,NA
"136",329,"8/12/2004",5.347593583,NA,5.347593583
"137",331,"8/13/2004",NA,NA,NA
"138",336,"8/16/2004",NA,NA,NA
"139",338,"8/17/2004",NA,NA,NA
"140",340,"8/17/2004",NA,NA,NA
"141",341,"8/17/2004",20.25061213,NA,20.25061213
"142",342,"8/17/2004",3.622519612,NA,3.622519612
"143",343,"8/17/2004",NA,NA,NA
"144",344,"8/17/2004",NA,17.4599000788851,17.4599000788851
"145",346,"8/18/2004",NA,NA,NA
"146",347,"8/18/2004",24.48112028,NA,24.48112028
"147",350,"8/18/2004",NA,NA,NA
"148",358,"8/19/2004",NA,NA,NA
"149",360,"8/20/2004",NA,NA,NA
"150",361,"8/20/2004",NA,NA,NA
"151",362,"8/23/2004",NA,NA,NA
"152",364,"8/23/2004",NA,5.58954393770856,5.58954393770856
"153",365,"8/24/2004",NA,NA,NA
"154",368,"8/24/2004",NA,21.4176329030847,21.4176329030847
"155",369,"8/25/2004",NA,NA,NA
"156",373,"8/25/2004",9.639909977,NA,9.639909977
"157",374,"8/26/2004",NA,NA,NA
"158",375,"8/26/2004",NA,30.6076937372236,30.6076937372236
"159",378,"8/26/2004",NA,NA,NA
"160",379,"8/26/2004",NA,NA,NA
"161",380,"8/26/2004",NA,NA,NA
"162",382,"8/30/2004",NA,NA,NA
"163",385,"8/30/2004",NA,NA,NA
"164",388,"8/31/2004",NA,NA,NA
"165",389,"8/31/2004",NA,NA,NA
"166",398,"9/1/2004",NA,NA,NA
"167",401,"9/2/2004",NA,NA,NA
"168",402,"9/2/2004",NA,NA,NA
"169",405,"9/2/2004",NA,NA,NA
"170",412,"9/3/2004",NA,NA,NA
"171",418,"9/7/2004",NA,NA,NA
"172",420,"9/8/2004",5.103058511,NA,5.103058511
"173",422,"9/8/2004",NA,NA,NA
"174",423,"9/8/2004",19.66466193,19.6646619281939,19.66466193
"175",424,"9/8/2004",NA,NA,NA
"176",426,"9/8/2004",NA,NA,NA
"177",428,"9/8/2004",NA,NA,NA
"178",432,"9/9/2004",22.24725429,NA,22.24725429
"179",434,"9/9/2004",NA,NA,NA
"180",436,"9/9/2004",NA,NA,NA
"181",438,"9/9/2004",NA,10.4315973881191,10.4315973881191
"182",439,"9/9/2004",NA,NA,NA
"183",440,"9/9/2004",NA,7.51406818934128,7.51406818934128
"184",441,"9/10/2004",NA,NA,NA
"185",443,"9/10/2004",NA,NA,NA
"186",447,"9/13/2004",NA,NA,NA
"187",451,"9/14/2004",NA,NA,NA
"188",452,"9/14/2004",NA,3.38785046728972,3.38785046728972
"189",454,"9/14/2004",10.14774495,9.99043062200957,10.14774495
"190",458,"9/14/2004",NA,NA,NA
"191",463,"9/15/2004",NA,NA,NA
"192",464,"9/15/2004",NA,2.7786858450474,2.7786858450474
"193",468,"9/15/2004",NA,NA,NA
"194",469,"9/16/2004",NA,NA,NA
"195",470,"9/16/2004",NA,NA,NA
"196",471,"9/16/2004",NA,NA,NA
"197",472,"9/16/2004",NA,NA,NA
"198",479,"9/17/2004",NA,NA,NA
"199",482,"9/17/2004",NA,NA,NA
"200",483,"9/17/2004",NA,NA,NA
"201",488,"9/20/2004",NA,NA,NA
"202",489,"9/20/2004",NA,NA,NA
"203",490,"9/20/2004",NA,NA,NA
"204",491,"9/20/2004",NA,NA,NA
"205",492,"9/21/2004",NA,14.4912985274431,14.4912985274431
"206",494,"9/21/2004",NA,NA,NA
"207",505,"9/23/2004",NA,NA,NA
"208",507,"9/23/2004",NA,NA,NA
"209",514,"9/27/2004",NA,NA,NA
"210",516,"9/27/2004",NA,NA,NA
"211",518,"9/28/2004",NA,NA,NA
"212",528,"9/28/2004",NA,NA,NA
"213",529,"9/29/2004",NA,17.4886323889472,17.4886323889472
"214",530,"9/29/2004",NA,33.7837837837838,33.7837837837838
"215",531,"9/29/2004",NA,NA,NA
"216",535,"9/30/2004",NA,NA,NA
"217",538,"10/1/2004",2.350360389,2.35036038859292,2.350360389
"218",541,"10/1/2004",NA,NA,NA
"219",543,"10/4/2004",NA,NA,NA
"220",544,"10/4/2004",NA,NA,NA
"221",548,"10/5/2004",NA,NA,NA
"222",551,"10/5/2004",NA,NA,NA
"223",555,"10/6/2004",10.39136302,NA,10.39136302
"224",556,"10/6/2004",NA,25.9259259259259,25.9259259259259
"225",561,"10/8/2004",NA,NA,NA
"226",563,"10/8/2004",14.32187302,NA,14.32187302
"227",566,"10/11/2004",13.58237962,11.5349348982212,13.58237962
"228",567,"10/11/2004",NA,NA,NA
"229",569,"10/11/2004",NA,NA,NA
"230",575,"10/12/2004",NA,NA,NA
"231",582,"10/13/2004",NA,NA,NA
"232",583,"10/13/2004",23.68421053,NA,23.68421053
"233",586,"10/13/2004",2.416846135,NA,2.416846135
"234",589,"10/14/2004",26.8212824,26.3115631691649,26.8212824
"235",590,"10/14/2004",13.58237962,NA,13.58237962
"236",596,"10/15/2004",9.553512804,7.36895416561155,9.553512804
"237",602,"10/18/2004",NA,NA,NA
"238",606,"10/18/2004",30.76584507,NA,30.76584507
"239",610,"10/19/2004",13.58237962,NA,13.58237962
"240",612,"10/19/2004",NA,NA,NA
"241",613,"10/19/2004",16.95854182,NA,16.95854182
"242",618,"10/20/2004",NA,9.29734361610968,9.29734361610968
"243",619,"10/20/2004",30.35339922,NA,30.35339922
"244",624,"10/22/2004",NA,NA,NA
"245",625,"10/22/2004",NA,NA,NA
"246",630,"10/26/2004",NA,8.75669416702851,8.75669416702851
"247",631,"10/26/2004",NA,NA,NA
"248",632,"10/26/2004",24.35832914,NA,24.35832914
"249",633,"10/26/2004",21.51295337,NA,21.51295337
"250",638,"10/27/2004",21.94495413,NA,21.94495413
"251",641,"10/27/2004",21.8295601,NA,21.8295601
"252",647,"10/29/2004",NA,NA,NA
"253",650,"10/29/2004",NA,NA,NA
"254",651,"11/1/2004",NA,NA,NA
"255",655,"11/1/2004",19.82142857,NA,19.82142857
"256",660,"11/2/2004",NA,NA,NA
"257",661,"11/2/2004",NA,NA,NA
"258",662,"11/3/2004",9.394341291,NA,9.394341291
"259",663,"11/3/2004",NA,NA,NA
"260",665,"11/3/2004",NA,NA,NA
"261",667,"11/3/2004",NA,NA,NA
"262",672,"11/4/2004",NA,NA,NA
"263",676,"11/5/2004",NA,NA,NA
"264",682,"11/8/2004",7.809110629,NA,7.809110629
"265",684,"11/8/2004",NA,0,0
"266",685,"11/9/2004",NA,NA,NA
"267",690,"11/10/2004",15.82143942,15.7164404223228,15.82143942
"268",691,"11/10/2004",NA,NA,NA
"269",693,"11/10/2004",NA,NA,NA
"270",694,"11/10/2004",NA,NA,NA
"271",695,"11/11/2004",NA,NA,NA
"272",696,"11/11/2004",NA,NA,NA
"273",701,"11/12/2004",5.686247216,NA,5.686247216
"274",705,"11/12/2004",NA,NA,NA
"275",709,"11/15/2004",NA,NA,NA
"276",710,"11/15/2004",17.73898924,17.3584905660377,17.73898924
"277",711,"11/15/2004",NA,NA,NA
"278",713,"11/15/2004",NA,NA,NA
"279",718,"11/16/2004",NA,NA,NA
"280",720,"11/17/2004",NA,44.5099484156227,44.5099484156227
"281",722,"11/17/2004",6.975461814,6.86939994569644,6.975461814
"282",724,"11/17/2004",NA,NA,NA
"283",726,"11/18/2004",NA,NA,NA
"284",727,"11/18/2004",NA,NA,NA
"285",736,"11/29/2004",14.03390592,NA,14.03390592
"286",739,"11/30/2004",NA,24.5743473325766,24.5743473325766
"287",742,"12/1/2004",NA,6.41864268192968,6.41864268192968
"288",744,"12/1/2004",NA,NA,NA
"289",745,"12/2/2004",3.324617109,3.32461710870377,3.324617109
"290",747,"12/2/2004",8.351196856,NA,8.351196856
"291",748,"12/2/2004",3.622519612,3.62251961236733,3.622519612
"292",749,"12/2/2004",NA,NA,NA
"293",750,"12/2/2004",20.25061213,NA,20.25061213
"294",756,"12/6/2004",NA,NA,NA
"295",761,"12/8/2004",NA,NA,NA
"296",768,"12/10/2004",NA,NA,NA
"297",770,"12/10/2004",21.65554496,NA,21.65554496
"298",784,"12/20/2004",NA,NA,NA
"299",786,"12/20/2004",NA,NA,NA
"300",788,"12/20/2004",28.69139258,NA,28.69139258
"301",789,"12/21/2004",11.63095759,NA,11.63095759
"302",794,"12/23/2004",20.85597826,20.8559782608696,20.85597826
"303",796,"12/28/2004",2.384737679,2.37793278376665,2.384737679
"304",800,"12/28/2004",NA,18.3202785030461,18.3202785030461
"305",804,"12/29/2004",6.114839672,4.8377581120944,6.114839672
"306",805,"12/30/2004",29.00083496,NA,29.00083496
"307",806,"12/30/2004",5.347593583,NA,5.347593583
"308",807,"12/30/2004",NA,NA,NA
"309",810,"1/3/2005",23.88831437,NA,23.88831437
"310",811,"1/3/2005",21.1059641,20.6691239013326,21.1059641
"311",814,"1/4/2005",28.48153668,NA,28.48153668
"312",818,"1/4/2005",34.88045007,NA,34.88045007
"313",820,"1/5/2005",34.33559651,NA,34.33559651
"314",821,"1/5/2005",22.33926625,NA,22.33926625
"315",822,"1/5/2005",12.21020093,NA,12.21020093
"316",823,"1/5/2005",10.72549704,NA,10.72549704
"317",824,"1/5/2005",24.75463468,NA,24.75463468
"318",827,"1/6/2005",15.21441159,15.2144115919326,15.21441159
"319",831,"1/6/2005",NA,10.8108108108108,10.8108108108108
"320",832,"1/6/2005",21.22200021,NA,21.22200021
"321",834,"1/7/2005",24.9614495,NA,24.9614495
"322",835,"1/7/2005",NA,NA,NA
"323",846,"1/11/2005",19.07570105,NA,19.07570105
"324",849,"1/11/2005",NA,NA,NA
"325",854,"1/12/2005",9.682139663,NA,9.682139663
"326",855,"1/12/2005",25.50834849,NA,25.50834849
"327",859,"1/13/2005",5.535872453,5.4993400791905,5.535872453
"328",861,"1/13/2005",NA,NA,NA
"329",867,"1/18/2005",14.93251324,NA,14.93251324
"330",875,"1/18/2005",22.6899384,22.3119636547198,22.6899384
"331",876,"1/19/2005",25.92592593,25.9259259259259,25.92592593
"332",877,"1/19/2005",23.97779833,NA,23.97779833
"333",879,"1/19/2005",16.55868902,NA,16.55868902
"334",883,"1/20/2005",32.70011365,NA,32.70011365
"335",884,"1/21/2005",15.43209877,NA,15.43209877
"336",885,"1/21/2005",10.88240256,NA,10.88240256
"337",886,"1/21/2005",NA,NA,NA
"338",887,"1/21/2005",2.820721454,NA,2.820721454
"339",889,"1/24/2005",NA,NA,NA
"340",890,"1/24/2005",4.444589054,NA,4.444589054
"341",891,"1/24/2005",24.73668372,23.6342725704428,24.73668372
"342",893,"1/25/2005",NA,NA,NA
"343",894,"1/25/2005",NA,NA,NA
"344",897,"1/26/2005",9.553512804,7.36895416561155,9.553512804
"345",898,"1/26/2005",32.95568983,31.6795740561471,32.95568983
"346",899,"1/26/2005",30.35339922,NA,30.35339922
"347",901,"1/27/2005",15.61634733,NA,15.61634733
"348",902,"1/27/2005",NA,NA,NA
"349",904,"1/27/2005",NA,NA,NA
"350",909,"1/31/2005",6.112355356,NA,6.112355356
"351",910,"1/31/2005",17.53570242,15.8368326334733,17.53570242
"352",913,"2/1/2005",NA,NA,NA
"353",915,"2/1/2005",NA,NA,NA
"354",918,"2/1/2005",28.59168242,NA,28.59168242
"355",920,"2/2/2005",26.94562361,26.2763650699783,26.94562361
"356",927,"2/4/2005",5.18658479,NA,5.18658479
"357",930,"2/4/2005",NA,10.1889338731444,10.1889338731444
"358",941,"2/8/2005",NA,NA,NA
"359",945,"2/14/2005",NA,NA,NA
"360",946,"2/14/2005",9.985170539,8.95985806165447,9.985170539
"361",952,"2/14/2005",NA,NA,NA
"362",953,"2/15/2005",NA,NA,NA
"363",954,"2/15/2005",13.62392494,NA,13.62392494
"364",959,"2/16/2005",20.25061213,NA,20.25061213
"365",961,"2/16/2005",NA,NA,NA
"366",965,"2/17/2005",7.697807436,7.697807435653,7.697807436
"367",968,"2/18/2005",12.07207207,NA,12.07207207
"368",971,"2/22/2005",11.20365395,10.8706986444213,11.20365395
"369",976,"2/22/2005",NA,NA,NA
"370",977,"2/22/2005",NA,NA,NA
"371",978,"2/23/2005",21.32461161,NA,21.32461161
"372",979,"2/23/2005",NA,NA,NA
"373",982,"2/24/2005",NA,NA,NA
"374",984,"2/24/2005",2.411396207,NA,2.411396207
"375",994,"3/1/2005",NA,NA,NA
"376",997,"4/12/2006",NA,13.0034061310359,13.0034061310359
"377",999,"4/13/2005",9.553512804,NA,9.553512804
"378",1001,"4/13/2005",11.63095759,NA,11.63095759
"379",1006,"4/14/2005",21.50474799,NA,21.50474799
"380",1007,"4/15/2005",NA,NA,NA
"381",1008,"4/15/2005",NA,NA,NA
"382",1011,"4/18/2005",19.07570105,NA,19.07570105
"383",1012,"4/18/2005",11.63529145,11.5853658536585,11.63529145
"384",1022,"4/22/2005",NA,NA,NA
"385",1028,"4/26/2005",5.367621678,NA,5.367621678
"386",1030,"4/26/2005",14.03390592,NA,14.03390592
"387",1037,"5/2/2005",21.44883264,NA,21.44883264
"388",1038,"5/2/2005",14.08385093,NA,14.08385093
"389",1043,"5/2/2005",9.241470686,NA,9.241470686
"390",1046,"5/3/2005",NA,NA,NA
"391",1049,"5/4/2005",5.7104403,NA,5.7104403
"392",1052,"5/4/2005",NA,18.0956968529223,18.0956968529223
"393",1059,"5/10/2005",NA,4.79347271800102,4.79347271800102
"394",1063,"5/10/2005",3.206505063,NA,3.206505063
"395",1064,"5/10/2005",11.41052632,NA,11.41052632
"396",1068,"5/11/2005",5.442902882,5.44290288153682,5.442902882
"397",1070,"5/12/2005",8.475809385,8.43286283025697,8.475809385
"398",1071,"5/12/2005",2.279360667,NA,2.279360667
"399",1072,"5/12/2005",NA,NA,NA
"400",1080,"5/16/2005",NA,NA,NA
"401",1081,"5/16/2005",8.253358925,NA,8.253358925
"402",1082,"5/16/2005",7.204610951,NA,7.204610951
"403",1083,"5/16/2005",14.60288396,NA,14.60288396
"404",1084,"5/17/2005",9.927486188,NA,9.927486188
"405",1086,"5/17/2005",NA,NA,NA
"406",1093,"5/24/2005",11.64413432,11.3859275053305,11.64413432
"407",1094,"5/24/2005",NA,NA,NA
"408",1096,"5/24/2005",NA,NA,NA
"409",1097,"5/24/2005",15.57340473,NA,15.57340473
"410",1098,"5/25/2005",20.93278464,NA,20.93278464
"411",1101,"5/26/2005",6.114839672,NA,6.114839672
"412",1103,"5/27/2005",6.180712254,NA,6.180712254
"413",1105,"5/31/2005",4.444589054,NA,4.444589054
"414",1110,"6/2/2005",16.95854182,NA,16.95854182
"415",1113,"6/3/2005",28.82410107,28.5356936694247,28.82410107
"416",1114,"6/3/2005",6.114839672,4.8377581120944,6.114839672
"417",1115,"6/3/2005",NA,NA,NA
"418",1119,"6/6/2005",14.78839753,14.7813688212928,14.78839753
"419",1122,"6/7/2005",4.709418838,NA,4.709418838
"420",1123,"6/7/2005",17.48489426,17.4848942598187,17.48489426
"421",1126,"6/8/2005",14.03390592,NA,14.03390592
"422",1128,"6/8/2005",NA,NA,NA
"423",1129,"6/9/2005",NA,NA,NA
"424",1130,"6/9/2005",24.1556145,23.7689229163042,24.1556145
"425",1135,"6/13/2005",9.612141653,9.61214165261383,9.612141653
"426",1136,"6/13/2005",21.50474799,NA,21.50474799
"427",1138,"6/14/2005",18.33599072,NA,18.33599072
"428",1140,"6/14/2005",NA,NA,NA
"429",1143,"6/15/2005",27.7965149,27.796514896009,27.7965149
"430",1144,"6/16/2005",5.7104403,NA,5.7104403
"431",1145,"6/16/2005",21.53067957,NA,21.53067957
"432",1151,"6/21/2005",18.88671875,NA,18.88671875
"433",1152,"6/21/2005",15.40570175,NA,15.40570175
"434",1155,"6/21/2005",NA,NA,NA
"435",1156,"6/22/2005",7.960255825,NA,7.960255825
"436",1157,"6/22/2005",3.524037416,NA,3.524037416
"437",1160,"6/24/2005",14.67510063,NA,14.67510063
"438",1172,"6/27/2005",NA,NA,NA
"439",1174,"6/28/2005",30.35339922,NA,30.35339922
"440",1176,"6/28/2005",4.147557328,NA,4.147557328
"441",1177,"6/28/2005",NA,NA,NA
"442",1185,"6/30/2005",NA,17.7403753143742,17.7403753143742
"443",1189,"7/1/2005",3.172002978,NA,3.172002978
"444",1191,"7/1/2005",NA,NA,NA
"445",1192,"7/5/2005",2.882742501,2.79034690799397,2.882742501
"446",1193,"7/5/2005",NA,4.63171437761338,4.63171437761338
"447",1196,"7/5/2005",13.8047138,13.8047138047138,13.8047138
"448",1200,"7/7/2005",12.58341277,12.4118476727786,12.58341277
"449",1204,"7/7/2005",7.204610951,NA,7.204610951
"450",1205,"7/7/2005",NA,NA,NA
"451",1206,"7/8/2005",24.70612497,NA,24.70612497
"452",1208,"7/8/2005",27.18393923,27.1544715447154,27.18393923
"453",1210,"7/11/2005",12.77085331,NA,12.77085331
"454",1211,"7/11/2005",26.288792,NA,26.288792
"455",1214,"7/12/2005",8.248242939,NA,8.248242939
"456",1215,"7/12/2005",5.381545532,NA,5.381545532
"457",1216,"7/12/2005",7.933014354,NA,7.933014354
"458",1217,"7/12/2005",14.79222265,NA,14.79222265
"459",1220,"7/12/2005",22.33926625,NA,22.33926625
"460",1223,"7/13/2005",3.524037416,3.41483979763912,3.524037416
"461",1224,"7/13/2005",11.80625631,NA,11.80625631
"462",1226,"7/13/2005",32.97142857,21.448832642374,32.97142857
"463",1229,"7/14/2005",NA,NA,NA
"464",1231,"7/14/2005",35.12215207,NA,35.12215207
"465",1236,"7/15/2005",7.795560145,NA,7.795560145
"466",1238,"7/15/2005",5.092918676,NA,5.092918676
"467",1239,"7/15/2005",NA,NA,NA
"468",1242,"7/15/2005",NA,NA,NA
"469",1245,"7/18/2005",3.850248403,NA,3.850248403
"470",1246,"7/18/2005",14.60288396,NA,14.60288396
"471",1248,"7/19/2005",8.824599709,NA,8.824599709
"472",1251,"7/19/2005",14.48982761,NA,14.48982761
"473",1256,"7/19/2005",NA,NA,NA
"474",1261,"7/20/2005",22.40767045,NA,22.40767045
"475",1262,"7/20/2005",NA,NA,NA
"476",1265,"7/20/2005",5.752610731,NA,5.752610731
"477",1269,"7/21/2005",11.34185304,11.1916771752837,11.34185304
"478",1270,"7/21/2005",6.114839672,NA,6.114839672
"479",1272,"7/22/2005",NA,NA,NA
"480",1275,"7/26/2005",20.98707403,20.6140350877193,20.98707403
"481",1276,"7/26/2005",22.5536031,NA,22.5536031
"482",1280,"7/26/2005",NA,11.6077537058153,11.6077537058153
"483",1281,"7/27/2005",NA,NA,NA
"484",1288,"7/28/2005",4.673892007,6.0599959734246,4.673892007
"485",1289,"7/28/2005",24.70612497,NA,24.70612497
"486",1291,"7/28/2005",24.9614495,NA,24.9614495
"487",1292,"7/29/2005",NA,NA,NA
"488",1293,"7/29/2005",22.5536031,NA,22.5536031
"489",1294,"7/29/2005",28.61526659,19.4828937059284,28.61526659
"490",1297,"8/1/2005",15.08244423,13.7976929902396,15.08244423
"491",1298,"8/1/2005",37.73383218,NA,37.73383218
"492",1300,"8/1/2005",8.353158869,NA,8.353158869
"493",1301,"8/1/2005",15.2538256,NA,15.2538256
"494",1303,"8/1/2005",NA,32.1310489930869,32.1310489930869
"495",1309,"8/2/2005",NA,15.1475237091675,15.1475237091675
"496",1310,"8/2/2005",5.791075051,NA,5.791075051
"497",1311,"8/2/2005",5.347593583,NA,5.347593583
"498",1312,"8/2/2005",NA,NA,NA
"499",1313,"8/2/2005",NA,NA,NA
"500",1314,"8/2/2005",18.88671875,NA,18.88671875
"501",1323,"8/4/2005",18.88671875,NA,18.88671875
"502",1324,"8/4/2005",5.27921475,NA,5.27921475
"503",1326,"8/5/2005",1.025074909,NA,1.025074909
"504",1327,"8/5/2005",NA,NA,NA
"505",1328,"8/5/2005",19.82142857,NA,19.82142857
"506",1330,"8/5/2005",25.07457739,NA,25.07457739
"507",1331,"8/5/2005",NA,NA,NA
"508",1344,"8/10/2005",NA,NA,NA
"509",1348,"8/10/2005",9.214245336,NA,9.214245336
"510",1350,"8/11/2005",34.72222222,33.0292544825417,34.72222222
"511",1354,"8/12/2005",8.18772299,NA,8.18772299
"512",1356,"8/12/2005",10.36768187,NA,10.36768187
"513",1360,"8/16/2005",2.278127184,NA,2.278127184
"514",1366,"8/16/2005",5.686247216,NA,5.686247216
"515",1368,"8/17/2005",18.11594203,17.7523927138006,18.11594203
"516",1371,"8/17/2005",NA,NA,NA
"517",1372,"8/17/2005",22.03160271,21.7081850533808,22.03160271
"518",1374,"8/17/2005",7.697807436,NA,7.697807436
"519",1375,"8/17/2005",NA,NA,NA
"520",1379,"8/18/2005",5.686247216,NA,5.686247216
"521",1381,"8/18/2005",NA,4.9820645675568,4.9820645675568
"522",1387,"8/19/2005",38.01708633,NA,38.01708633
"523",1395,"8/23/2005",17.04881657,NA,17.04881657
"524",1397,"8/23/2005",7.668898357,NA,7.668898357
"525",1399,"8/24/2005",8.776206728,NA,8.776206728
"526",1400,"8/24/2005",13.5237069,NA,13.5237069
"527",1403,"8/24/2005",15.27443106,NA,15.27443106
"528",1409,"8/25/2005",NA,NA,NA
"529",1411,"8/25/2005",19.67308815,19.6730881494454,19.67308815
"530",1413,"8/25/2005",NA,NA,NA
"531",1414,"8/26/2005",6.114839672,4.8377581120944,6.114839672
"532",1418,"8/29/2005",9.639909977,NA,9.639909977
"533",1420,"8/30/2005",NA,NA,NA
"534",1421,"8/30/2005",NA,NA,NA
"535",1424,"8/30/2005",20.95418813,20.9145021645022,20.95418813
"536",1425,"8/30/2005",11.89336979,11.8933697881066,11.89336979
"537",1429,"8/31/2005",14.78839753,14.7813688212928,14.78839753
"538",1434,"9/1/2005",NA,NA,NA
"539",1436,"9/1/2005",NA,NA,NA
"540",1439,"9/1/2005",42.0943494,42.0943494038362,42.0943494
"541",1440,"9/1/2005",33.03249097,NA,33.03249097
"542",1441,"9/2/2005",15.61783439,NA,15.61783439
"543",1443,"9/2/2005",NA,13.7976929902396,13.7976929902396
"544",1444,"9/2/2005",18.33599072,NA,18.33599072
"545",1445,"9/6/2005",11.4480198,NA,11.4480198
"546",1449,"9/6/2005",NA,NA,NA
"547",1451,"9/7/2005",33.61702128,33.5219236209335,33.61702128
"548",1452,"9/7/2005",7.204610951,NA,7.204610951
"549",1455,"9/7/2005",NA,NA,NA
"550",1457,"9/8/2005",NA,NA,NA
"551",1460,"9/8/2005",NA,NA,NA
"552",1470,"9/14/2005",NA,NA,NA
"553",1471,"9/15/2005",10.98322008,NA,10.98322008
"554",1473,"9/15/2005",NA,26.2394195888754,26.2394195888754
"555",1477,"9/16/2005",4.04424181,NA,4.04424181
"556",1478,"9/16/2005",NA,NA,NA
"557",1482,"9/20/2005",24.21652422,17.5619834710744,24.21652422
"558",1484,"9/20/2005",23.82044561,NA,23.82044561
"559",1485,"9/20/2005",NA,10.6508875739645,10.6508875739645
"560",1486,"9/20/2005",26.09356015,NA,26.09356015
"561",1487,"9/20/2005",7.697807436,7.697807435653,7.697807436
"562",1488,"9/20/2005",14.08385093,NA,14.08385093
"563",1489,"9/20/2005",22.40767045,NA,22.40767045
"564",1500,"9/22/2005",3.708867819,NA,3.708867819
"565",1502,"9/22/2005",8.353158869,NA,8.353158869
"566",1505,"9/23/2005",NA,NA,NA
"567",1507,"9/23/2005",NA,NA,NA
"568",1512,"9/26/2005",1.025074909,NA,1.025074909
"569",1514,"9/26/2005",NA,NA,NA
"570",1515,"9/27/2005",NA,NA,NA
"571",1518,"9/27/2005",4.665663298,4.62982718156603,4.665663298
"572",1519,"9/27/2005",NA,NA,NA
"573",1520,"9/27/2005",14.67510063,NA,14.67510063
"574",1522,"9/27/2005",1.433944523,3.83073496659243,1.433944523
"575",1523,"9/27/2005",21.75161522,NA,21.75161522
"576",1526,"9/27/2005",NA,NA,NA
"577",1528,"9/27/2005",16.71592775,NA,16.71592775
"578",1529,"9/28/2005",4.15601883,NA,4.15601883
"579",1532,"9/29/2005",NA,NA,NA
"580",1536,"9/29/2005",25.50834849,NA,25.50834849
"581",1538,"9/30/2005",7.86908078,NA,7.86908078
"582",1539,"9/30/2005",8.810864525,8.81086452467705,8.810864525
"583",1544,"10/4/2005",6.114839672,NA,6.114839672
"584",1550,"10/4/2005",15.21441159,15.2144115919326,15.21441159
"585",1555,"10/5/2005",28.48153668,NA,28.48153668
"586",1559,"10/6/2005",NA,14.098237720285,14.098237720285
"587",1564,"10/6/2005",8.218063466,8.21806346623271,8.218063466
"588",1566,"10/7/2005",NA,24.1306638566913,24.1306638566913
"589",1569,"10/7/2005",NA,4.8377581120944,4.8377581120944
"590",1573,"10/10/2005",21.51295337,21.4020618556701,21.51295337
"591",1574,"10/10/2005",11.07244543,11.0724454286618,11.07244543
"592",1575,"10/10/2005",5.347593583,23.9777983348751,5.347593583
"593",1577,"10/11/2005",23.38790036,NA,23.38790036
"594",1582,"10/12/2005",3.006638032,NA,3.006638032
"595",1588,"10/12/2005",9.96131528,NA,9.96131528
"596",1591,"10/13/2005",NA,NA,NA
"597",1599,"10/14/2005",9.528869996,NA,9.528869996
"598",1601,"10/14/2005",14.52311626,NA,14.52311626
"599",1608,"10/17/2005",NA,NA,NA
"600",1609,"10/18/2005",28.79830598,14.4565506245017,28.79830598
"601",1614,"10/19/2005",11.82622687,11.7725573945542,11.82622687
"602",1616,"10/19/2005",NA,NA,NA
"603",1623,"10/20/2005",NA,15.6309297912713,15.6309297912713
"604",1628,"10/24/2005",7.093635995,NA,7.093635995
"605",1630,"10/24/2005",9.639909977,NA,9.639909977
"606",1631,"10/24/2005",22.46074976,22.4033237456056,22.46074976
"607",1632,"10/24/2005",NA,NA,NA
"608",1637,"10/25/2005",9.914175792,NA,9.914175792
"609",1638,"10/25/2005",NA,NA,NA
"610",1643,"10/27/2005",NA,NA,NA
"611",1644,"10/27/2005",NA,NA,NA
"612",1653,"10/31/2005",15.30506722,14.5526057030482,15.30506722
"613",1660,"11/1/2005",35.12215207,NA,35.12215207
"614",1663,"11/1/2005",28.82410107,28.5356936694247,28.82410107
"615",1665,"11/1/2005",5.870342011,NA,5.870342011
"616",1666,"11/1/2005",37.34668335,37.1329019412643,37.34668335
"617",1670,"11/2/2005",NA,23.0520288772716,23.0520288772716
"618",1671,"11/2/2005",15.10131637,NA,15.10131637
"619",1673,"11/3/2005",NA,NA,NA
"620",1675,"11/4/2005",16.97238035,16.9723803499895,16.97238035
"621",1681,"11/8/2005",13.80639311,13.7845178813943,13.80639311
"622",1688,"11/9/2005",21.51295337,21.4020618556701,21.51295337
"623",1689,"11/9/2005",26.9660134,NA,26.9660134
"624",1690,"11/9/2005",15.2538256,15.2242424242424,15.2538256
"625",1697,"11/10/2005",10.07423118,NA,10.07423118
"626",1699,"11/10/2005",5.347593583,NA,5.347593583
"627",1701,"11/11/2005",9.394341291,NA,9.394341291
"628",1703,"11/11/2005",40.08168028,NA,40.08168028
"629",1706,"11/14/2005",NA,NA,NA
"630",1708,"11/14/2005",32.37186138,NA,32.37186138
"631",1712,"11/14/2005",NA,5.60114163396361,5.60114163396361
"632",1713,"11/14/2005",17.21003135,17.2100313479624,17.21003135
"633",1715,"11/15/2005",NA,NA,NA
"634",1717,"11/15/2005",NA,6.40068273949221,6.40068273949221
"635",1718,"11/15/2005",5.347593583,NA,5.347593583
"636",1722,"11/16/2005",NA,NA,NA
"637",1724,"11/16/2005",NA,NA,NA
"638",1736,"11/18/2005",4.444589054,NA,4.444589054
"639",1739,"11/18/2005",22.24725429,NA,22.24725429
"640",1740,"11/18/2005",8.810864525,NA,8.810864525
"641",1742,"11/18/2005",15.87510385,NA,15.87510385
"642",1749,"11/21/2005",11.80625631,NA,11.80625631
"643",1752,"11/21/2005",9.985170539,NA,9.985170539
"644",1753,"11/22/2005",12.94354259,NA,12.94354259
"645",1764,"11/23/2005",NA,NA,NA
"646",1774,"11/29/2005",NA,NA,NA
"647",1778,"11/29/2005",12.17690982,NA,12.17690982
"648",1789,"12/1/2005",7.762069885,NA,7.762069885
"649",1791,"12/2/2005",18.54174351,NA,18.54174351
"650",1792,"12/2/2005",28.73170732,28.2155688622754,28.73170732
"651",1794,"12/2/2005",13.43516959,NA,13.43516959
"652",1795,"12/2/2005",5.347593583,NA,5.347593583
"653",1796,"12/5/2005",17.48489426,NA,17.48489426
"654",1798,"12/5/2005",11.82622687,NA,11.82622687
"655",1799,"12/6/2005",4.072177518,4.0632603406326,4.072177518
"656",1800,"12/6/2005",5.381545532,NA,5.381545532
"657",1808,"12/6/2005",24.70612497,NA,24.70612497
"658",1812,"12/7/2005",14.52311626,NA,14.52311626
"659",1817,"12/9/2005",NA,NA,NA
"660",1821,"12/9/2005",21.17027076,NA,21.17027076
"661",1822,"12/9/2005",16.46150636,NA,16.46150636
"662",1823,"12/12/2005",NA,7.01754385964912,7.01754385964912
"663",1826,"12/12/2005",27.17375093,NA,27.17375093
"664",1828,"12/13/2005",NA,9.95073891625616,9.95073891625616
"665",1832,"12/14/2005",20.83559414,NA,20.83559414
"666",1834,"12/14/2005",NA,NA,NA
"667",1837,"12/14/2005",NA,NA,NA
"668",1841,"12/15/2005",11.55041436,NA,11.55041436
"669",1845,"12/16/2005",32.12321232,NA,32.12321232
"670",1849,"12/19/2005",NA,NA,NA
"671",1855,"12/20/2005",NA,NA,NA
"672",1857,"12/20/2005",13.58237962,NA,13.58237962
"673",1864,"1/18/2007",22.6652395,22.6168224299065,22.6652395
"674",1867,"2/14/2006",NA,NA,NA
"675",1869,"2/14/2006",5.347593583,NA,5.347593583
"676",1876,"2/15/2006",15.70076878,NA,15.70076878
"677",1884,"2/17/2006",NA,NA,NA
"678",1889,"2/21/2006",NA,NA,NA
"679",1891,"2/21/2006",NA,NA,NA
"680",1892,"2/21/2006",NA,14.9685816876122,14.9685816876122
"681",1893,"2/21/2006",NA,NA,NA
"682",1895,"2/22/2006",NA,NA,NA
"683",1898,"2/22/2006",7.000759301,NA,7.000759301
"684",1899,"2/22/2006",9.639909977,NA,9.639909977
"685",1903,"2/24/2006",NA,NA,NA
"686",1913,"2/27/2006",4.220681339,NA,4.220681339
"687",1916,"2/28/2006",4.665663298,4.62982718156603,4.665663298
"688",1918,"2/28/2006",NA,NA,NA
"689",1920,"2/28/2006",12.74840645,NA,12.74840645
"690",1921,"3/3/2006",12.99212598,12.9319558247239,12.99212598
"691",1925,"3/3/2006",22.5536031,NA,22.5536031
"692",1927,"3/3/2006",16.99507389,16.9950738916256,16.99507389
"693",1933,"3/7/2006",15.88310038,NA,15.88310038
"694",1935,"3/7/2006",15.94521888,NA,15.94521888
"695",1937,"3/7/2006",22.13601095,21.7196596506941,22.13601095
"696",1942,"3/8/2006",9.308692676,9.28116469517743,9.308692676
"697",1953,"3/9/2006",NA,13.2919254658385,13.2919254658385
"698",1955,"3/9/2006",24.70612497,NA,24.70612497
"699",1958,"3/10/2006",21.44883264,NA,21.44883264
"700",1961,"3/10/2006",14.79222265,NA,14.79222265
"701",1965,"3/15/2006",10.38015024,NA,10.38015024
"702",1967,"3/15/2006",12.06095521,NA,12.06095521
"703",1976,"3/16/2006",NA,NA,NA
"704",1980,"3/20/2006",NA,NA,NA
"705",1983,"3/20/2006",NA,NA,NA
"706",1985,"3/20/2006",3.220769081,NA,3.220769081
"707",1989,"3/21/2006",17.27559055,17.0898893908709,17.27559055
"708",1993,"3/22/2006",NA,NA,NA
"709",1996,"3/23/2006",5.065653075,NA,5.065653075
"710",2002,"3/23/2006",NA,6.46352723915051,6.46352723915051
"711",2009,"3/27/2006",NA,NA,NA
"712",2010,"3/28/2006",15.73474593,NA,15.73474593
"713",2013,"3/28/2006",NA,NA,NA
"714",2014,"3/28/2006",4.777448071,NA,4.777448071
"715",2019,"3/29/2006",7.960255825,NA,7.960255825
"716",2021,"3/29/2006",11.04926245,NA,11.04926245
"717",2026,"3/30/2006",23.35728953,NA,23.35728953
"718",2032,"4/3/2006",10.60803366,NA,10.60803366
"719",2039,"4/4/2006",NA,3.60953058321479,3.60953058321479
"720",2040,"4/4/2006",NA,6.0599959734246,6.0599959734246
"721",2042,"4/4/2006",27.9007177,NA,27.9007177
"722",2045,"4/4/2006",43.44428365,43.4442836468886,43.44428365
"723",2049,"4/6/2006",NA,NA,NA
"724",2050,"4/6/2006",26.94562361,26.2763650699783,26.94562361
"725",2054,"4/7/2006",10.60803366,NA,10.60803366
"726",2055,"4/7/2006",NA,NA,NA
"727",2057,"4/7/2006",6.037104623,NA,6.037104623
"728",2065,"4/11/2006",NA,24.6390312063344,24.6390312063344
"729",2066,"4/12/2006",NA,NA,NA
"730",2076,"4/17/2006",9.173700578,NA,9.173700578
"731",2078,"4/18/2006",17.21003135,17.2100313479624,17.21003135
"732",2082,"4/19/2006",9.794262533,NA,9.794262533
"733",2085,"4/21/2006",32.12321232,NA,32.12321232
"734",2089,"4/24/2006",14.32187302,NA,14.32187302
"735",2090,"4/24/2006",NA,NA,NA
"736",2091,"4/24/2006",NA,NA,NA
"737",2092,"4/24/2006",13.54806983,13.4390243902439,13.54806983
"738",2096,"4/25/2006",NA,NA,NA
"739",2099,"4/25/2006",43.44428365,43.4442836468886,43.44428365
"740",2103,"5/2/2006",NA,10.2023957042544,10.2023957042544
"741",2104,"5/2/2006",20.98707403,NA,20.98707403
"742",2105,"5/2/2006",11.20938281,NA,11.20938281
"743",2111,"5/4/2006",27.5968197,58.2211197732105,27.5968197
"744",2113,"5/4/2006",11.07244543,11.0724454286618,11.07244543
"745",2116,"5/5/2006",21.50474799,NA,21.50474799
"746",2117,"5/5/2006",3.246259194,NA,3.246259194
"747",2124,"5/15/2006",6.386066763,NA,6.386066763
"748",2129,"5/16/2006",24.99016909,NA,24.99016909
"749",2138,"5/22/2006",NA,NA,NA
"750",2141,"5/23/2006",4.777448071,NA,4.777448071
"751",2142,"5/23/2006",25.13484358,24.6495636075112,25.13484358
"752",2143,"5/23/2006",NA,17.4599000788851,17.4599000788851
"753",2145,"5/24/2006",7.273227552,NA,7.273227552
"754",2146,"5/24/2006",11.80625631,NA,11.80625631
"755",2156,"6/9/2006",14.48982761,NA,14.48982761
"756",2170,"6/20/2006",11.42969364,11.4296936370778,11.42969364
"757",2172,"6/20/2006",20.46894804,20.1917066055428,20.46894804
"758",2177,"6/22/2006",26.94562361,NA,26.94562361
"759",2183,"6/26/2006",7.362651053,NA,7.362651053
"760",2184,"6/27/2006",NA,NA,NA
"761",2185,"6/27/2006",13.8047138,NA,13.8047138
"762",2186,"6/27/2006",NA,NA,NA
"763",2189,"7/11/2006",4.777448071,NA,4.777448071
"764",2197,"7/25/2006",48.09093559,47.9233226837061,48.09093559
"765",2202,"7/28/2006",11.41052632,NA,11.41052632
"766",2204,"8/2/2006",9.241470686,NA,9.241470686
"767",2207,"8/3/2006",13.4595525,13.4595524956971,13.4595525
"768",2211,"8/8/2006",18.26086957,18.1190681622088,18.26086957
"769",2214,"8/10/2006",22.24725429,NA,22.24725429
"770",2221,"8/17/2006",NA,NA,NA
"771",2222,"8/21/2006",20.96173887,NA,20.96173887
"772",2223,"8/21/2006",14.93251324,NA,14.93251324
"773",2225,"8/21/2006",12.94354259,NA,12.94354259
"774",2226,"8/21/2006",10.96556095,10.9655609549968,10.96556095
"775",2227,"8/22/2006",NA,NA,NA
"776",2232,"9/6/2006",9.985170539,8.95985806165447,9.985170539
"777",2234,"9/6/2006",7.60520853,7.59517527327554,7.60520853
"778",2236,"9/7/2006",NA,NA,NA
"779",2240,"9/11/2006",15.87510385,NA,15.87510385
"780",2241,"9/11/2006",9.241470686,NA,9.241470686
"781",2254,"9/19/2006",NA,NA,NA
"782",2260,"9/22/2006",NA,NA,NA
"783",2270,"9/26/2006",3.172002978,NA,3.172002978
"784",2274,"9/28/2006",11.97782617,11.977826173035,11.97782617
"785",2275,"9/29/2006",24.73668372,NA,24.73668372
"786",2289,"10/11/2006",32.12321232,31.5334773218143,32.12321232
"787",2296,"10/13/2006",NA,NA,NA
"788",2306,"10/27/2006",NA,33.1767863133177,33.1767863133177
"789",2307,"10/27/2006",NA,NA,NA
"790",2314,"11/1/2005",15.24892845,15.2489284536762,15.24892845
"791",2317,"11/6/2006",6.975461814,NA,6.975461814
"792",2341,"12/1/2006",NA,NA,NA
"793",2351,"12/11/2006",11.07244543,11.0724454286618,11.07244543
"794",2352,"12/12/2006",NA,NA,NA
"795",2353,"12/12/2006",10.591133,10.5911330049261,10.591133
"796",2354,"12/12/2006",7.675852523,NA,7.675852523
"797",2356,"12/13/2006",18.42723005,NA,18.42723005
"798",2357,"12/13/2006",NA,NA,NA
"799",2365,"12/19/2006",13.05714286,NA,13.05714286
"800",2366,"1/4/2007",NA,3.60953058321479,3.60953058321479
"801",2371,"1/8/2007",8.578888474,10.142199916353,8.578888474
"802",2372,"1/8/2007",14.08272813,NA,14.08272813
"803",2375,"1/11/2007",23.45906164,22.8412755284844,23.45906164
"804",2382,"1/16/2007",30.35339922,NA,30.35339922
"805",2383,"1/17/2007",5.874439462,NA,5.874439462
"806",2385,"1/18/2007",3.755407,3.74656728128678,3.755407
"807",2390,"1/22/2007",21.50474799,NA,21.50474799
"808",2393,"1/23/2007",3.745624271,NA,3.745624271
"809",2397,"1/25/2007",30.76584507,NA,30.76584507
"810",2401,"1/26/2007",28.16023027,28.1602302710482,28.16023027
"811",2403,"1/30/2007",13.58237962,11.5349348982212,13.58237962
"812",2408,"2/1/2007",17.9379715,NA,17.9379715
"813",2410,"2/2/2007",8.560390403,NA,8.560390403
"814",2418,"2/6/2007",NA,NA,NA
"815",2422,"2/8/2007",16.30824373,NA,16.30824373
"816",2423,"2/12/2007",1.821804725,NA,1.821804725
"817",2427,"2/21/2007",5.020242915,5.02024291497976,5.020242915
"818",2433,"2/26/2007",7.304373698,NA,7.304373698
"819",2437,"2/26/2007",15.6969697,15.6969696969697,15.6969697
"820",2438,"2/27/2007",28.24664141,NA,28.24664141
"821",2441,"2/28/2007",NA,NA,NA
"822",2445,"3/4/2007",11.92859075,NA,11.92859075
"823",2446,"3/5/2007",NA,NA,NA
"824",2448,"3/5/2007",7.480706995,NA,7.480706995
"825",2450,"3/6/2007",NA,NA,NA
"826",2451,"3/6/2007",21.17027076,NA,21.17027076
"827",2453,"3/6/2007",7.675852523,NA,7.675852523
"828",2463,"3/15/2007",3.410352134,NA,3.410352134
"829",2464,"3/15/2007",NA,NA,NA
"830",2470,"3/19/2007",10.36768187,10.367681868392,10.36768187
"831",2471,"3/19/2007",10.60803366,NA,10.60803366
"832",2481,"3/20/2007",5.308134758,NA,5.308134758
"833",2482,"3/21/2008",6.180712254,NA,6.180712254
"834",2485,"3/28/2007",22.63304643,NA,22.63304643
"835",2486,"3/28/2007",26.39135058,NA,26.39135058
"836",2487,"3/28/2007",8.674414688,NA,8.674414688
"837",2488,"3/29/2007",13.81446752,NA,13.81446752
"838",2490,"4/2/2007",22.40767045,NA,22.40767045
"839",2496,"4/3/2007",9.989373007,9.9893730074389,9.989373007
"840",2498,"4/4/2007",NA,NA,NA
"841",2506,"4/9/2007",33.71919343,NA,33.71919343
"842",2510,"4/11/2007",8.944870391,7.72870662460568,8.944870391
"843",2512,"4/13/2007",4.242101526,NA,4.242101526
"844",2521,"4/19/2007",23.97779833,NA,23.97779833
"845",2534,"5/2/2007",11.04926245,NA,11.04926245
"846",2542,"5/11/2007",NA,NA,NA
"847",2548,"5/14/2007",NA,10.0369783412573,10.0369783412573
"848",2549,"5/15/2007",7.728988675,NA,7.728988675
"849",2550,"5/15/2007",6.486758297,NA,6.486758297
"850",2552,"5/15/2007",9.510463378,NA,9.510463378
"851",2554,"5/15/2007",NA,NA,NA
"852",2560,"5/17/2007",5.336905007,5.33690500721203,5.336905007
"853",2571,"5/24/2007",NA,NA,NA
"854",2575,"6/19/2007",28.6548488,28.6548488008342,28.6548488
"855",2578,"6/26/2007",3.708867819,NA,3.708867819
"856",2588,"6/29/2007",20.83606916,NA,20.83606916
"857",2592,"7/3/2007",13.05714286,11.7965926690759,13.05714286
"858",2593,"7/3/2007",8.860759494,NA,8.860759494
"859",2594,"7/3/2007",5.686247216,NA,5.686247216
"860",2595,"7/5/2007",14.08385093,NA,14.08385093
"861",2596,"7/5/2007",1.025074909,NA,1.025074909
"862",2597,"7/5/2007",14.78839753,14.7813688212928,14.78839753
"863",2600,"7/6/2007",NA,NA,NA
"864",2603,"7/9/2007",0.592718036,NA,0.592718036
"865",2604,"7/9/2007",NA,NA,NA
"866",2605,"7/9/2007",2.940043651,NA,2.940043651
"867",2612,"7/11/2007",20.17857143,20.1282508015675,20.17857143
"868",2614,"7/12/2007",25.50834849,NA,25.50834849
"869",2615,"7/13/2007",9.241470686,NA,9.241470686
"870",2616,"7/13/2007",NA,NA,NA
"871",2617,"7/16/2007",6.418642682,NA,6.418642682
"872",2618,"7/16/2007",NA,NA,NA
"873",2623,"7/17/2007",18.26215022,NA,18.26215022
"874",2624,"7/17/2007",4.982064568,NA,4.982064568
"875",2627,"7/18/2007",4.195081628,NA,4.195081628
"876",2628,"7/18/2007",NA,NA,NA
"877",2630,"7/18/2007",NA,NA,NA
"878",2633,"7/19/2007",22.68921634,NA,22.68921634
"879",2635,"7/19/2007",NA,NA,NA
"880",2636,"7/19/2007",25.50834849,NA,25.50834849
"881",2640,"7/20/2007",NA,NA,NA
"882",2641,"7/20/2007",NA,NA,NA
"883",2642,"7/23/2007",9.216204928,NA,9.216204928
"884",2644,"7/23/2007",25.67208272,NA,25.67208272
"885",2645,"7/24/2007",NA,NA,NA
"886",2647,"7/24/2007",25.07457739,NA,25.07457739
"887",2648,"7/24/2007",NA,3.62520914668154,3.62520914668154
"888",2653,"7/25/2007",33.37774817,NA,33.37774817
"889",2654,"7/25/2007",11.07313739,NA,11.07313739
"890",2658,"7/26/2007",9.173700578,NA,9.173700578
"891",2659,"7/27/2007",NA,NA,NA
"892",2660,"7/27/2007",5.686247216,NA,5.686247216
"893",2663,"7/27/2007",3.975925588,NA,3.975925588
"894",2666,"7/30/2007",32.97142857,31.7672967516976,32.97142857
"895",2668,"7/30/2007",NA,NA,NA
"896",2670,"7/30/2007",9.94119605,NA,9.94119605
"897",2673,"7/31/2007",33.61702128,33.5219236209335,33.61702128
"898",2676,"7/31/2007",16.95854182,NA,16.95854182
"899",2677,"7/31/2007",14.66096518,NA,14.66096518
"900",2678,"7/31/2007",NA,NA,NA
"901",2688,"8/1/2007",NA,NA,NA
"902",2689,"8/2/2007",3.850248403,NA,3.850248403
"903",2690,"8/2/2007",18.88671875,NA,18.88671875
"904",2691,"8/2/2007",NA,NA,NA
"905",2694,"8/3/2007",5.288744844,NA,5.288744844
"906",2697,"8/3/2007",3.954132068,3.51123595505618,3.954132068
"907",2698,"8/3/2007",20.96483318,20.9648331830478,20.96483318
"908",2699,"8/3/2007",8.307770961,8.22368421052632,8.307770961
"909",2702,"8/6/2007",22.53909844,21.1571675302245,22.53909844
"910",2713,"8/7/2007",4.665663298,4.62982718156603,4.665663298
"911",2714,"8/7/2007",NA,NA,NA
"912",2715,"8/7/2007",NA,14.1404587372901,14.1404587372901
"913",2716,"8/7/2007",9.216204928,NA,9.216204928
"914",2717,"8/8/2007",4.982064568,4.9820645675568,4.982064568
"915",2718,"8/8/2007",23.15912182,23.1591218185351,23.15912182
"916",2728,"8/14/2007",12.07207207,12.0720720720721,12.07207207
"917",2731,"8/15/2007",13.76104671,NA,13.76104671
"918",2745,"8/20/2007",25.50834849,NA,25.50834849
"919",2746,"8/20/2007",12.94354259,NA,12.94354259
"920",2751,"8/21/2007",3.662115605,NA,3.662115605
"921",2752,"8/21/2007",20.85092563,NA,20.85092563
"922",2753,"8/21/2007",21.8295601,NA,21.8295601
"923",2756,"8/24/2007",NA,NA,NA
"924",2758,"8/27/2007",NA,NA,NA
"925",2764,"8/28/2007",4.072022161,NA,4.072022161
"926",2766,"8/28/2007",21.44883264,NA,21.44883264
"927",2767,"8/29/2007",13.8047138,13.8047138047138,13.8047138
"928",2769,"8/30/2007",10.53196382,NA,10.53196382
"929",2772,"9/6/2007",32.12321232,31.5334773218143,32.12321232
"930",2775,"9/6/2007",15.43209877,15.2608213096559,15.43209877
"931",2778,"9/6/2007",39.03458761,NA,39.03458761
"932",2780,"9/7/2007",NA,NA,NA
"933",2781,"9/10/2007",7.304373698,NA,7.304373698
"934",2782,"9/10/2007",7.960255825,NA,7.960255825
"935",2791,"9/14/2007",28.70539203,NA,28.70539203
"936",2801,"9/19/2007",17.86508525,14.9732620320856,17.86508525
"937",2803,"9/20/2007",9.216204928,NA,9.216204928
"938",2804,"9/20/2007",NA,NA,NA
"939",2806,"9/21/2007",NA,NA,NA
"940",2808,"9/24/2007",NA,NA,NA
"941",2809,"9/24/2007",21.39807054,NA,21.39807054
"942",2810,"9/24/2007",NA,NA,NA
"943",2811,"9/24/2007",NA,NA,NA
"944",2817,"9/26/2007",18.42137219,NA,18.42137219
"945",2819,"9/27/2007",9.051935326,NA,9.051935326
"946",2826,"9/28/2007",11.4480198,NA,11.4480198
"947",2828,"10/1/2007",9.214245336,NA,9.214245336
"948",2834,"10/4/2007",26.94562361,26.2763650699783,26.94562361
"949",2835,"10/4/2007",14.08385093,NA,14.08385093
"950",2838,"10/5/2007",7.273227552,NA,7.273227552
"951",2843,"10/8/2007",5.308134758,NA,5.308134758
"952",2845,"10/9/2007",42.0943494,42.0943494038362,42.0943494
"953",2848,"10/9/2007",2.607615894,NA,2.607615894
"954",2860,"10/12/2007",22.68286872,18.4782608695652,22.68286872
"955",2863,"10/16/2007",18.88671875,NA,18.88671875
"956",2870,"10/23/2007",31.67121153,NA,31.67121153
"957",2873,"10/23/2007",11.4480198,NA,11.4480198
"958",2874,"10/25/2007",4.165705054,NA,4.165705054
"959",2875,"10/25/2007",31.37561411,29.554059739167,31.37561411
"960",2884,"10/31/2007",12.17690982,NA,12.17690982
"961",2885,"11/1/2007",11.01055807,NA,11.01055807
"962",2886,"11/1/2007",14.78839753,NA,14.78839753
"963",2897,"11/13/2007",NA,21.5693566381554,21.5693566381554
"964",2900,"11/13/2007",27.24771789,NA,27.24771789
"965",2903,"11/15/2007",NA,6.32231404958678,6.32231404958678
"966",2904,"11/15/2007",29.81725653,NA,29.81725653
"967",2910,"11/19/2007",NA,NA,NA
"968",2913,"11/20/2007",5.135633395,NA,5.135633395
"969",2915,"11/21/2007",18.06661251,NA,18.06661251
"970",2916,"11/26/2007",10.81288344,NA,10.81288344
"971",2919,"11/26/2007",26.3778448,NA,26.3778448
"972",2920,"11/27/2007",33.37774817,33.3777481678881,33.37774817
"973",2924,"11/27/2007",25.6508079,NA,25.6508079
"974",2925,"11/27/2007",NA,6.41864268192968,6.41864268192968
"975",2932,"11/28/2007",5.336905007,5.33690500721203,5.336905007
"976",2933,"11/28/2007",15.6969697,NA,15.6969697
"977",2935,"11/29/2007",12.06095521,NA,12.06095521
"978",2939,"11/29/2007",22.03791469,NA,22.03791469
"979",2940,"11/30/2007",NA,NA,NA
"980",2942,"11/30/2007",27.18393923,NA,27.18393923
"981",2944,"11/30/2007",8.918883155,NA,8.918883155
"982",2946,"11/30/2007",NA,NA,NA
"983",2947,"11/30/2007",18.42137219,NA,18.42137219
"984",2950,"12/4/2007",6.088066369,NA,6.088066369
"985",2953,"12/5/2007",9.241470686,NA,9.241470686
"986",2955,"12/6/2007",11.41052632,NA,11.41052632
"987",2957,"12/7/2007",2.095413811,NA,2.095413811
"988",2960,"12/10/2007",14.87639466,NA,14.87639466
"989",2962,"12/11/2007",23.97779833,23.9777983348751,23.97779833
"990",2963,"12/12/2007",NA,NA,NA
"991",2965,"12/13/2007",28.59168242,27.6634659350709,28.59168242
"992",2985,"1/16/2008",10.1738658,NA,10.1738658
"993",2986,"1/16/2008",NA,5.98731165741475,5.98731165741475
"994",2989,"1/17/2008",NA,NA,NA
"995",2991,"1/17/2008",NA,NA,NA
"996",2998,"1/23/2008",14.03390592,NA,14.03390592
"997",3005,"1/24/2008",29.43305187,29.371050255793,29.43305187
"998",3006,"1/24/2008",7.304373698,NA,7.304373698
"999",3010,"1/28/2008",NA,10.3156049094097,10.3156049094097
"1000",3020,"1/30/2008",13.54806983,13.4390243902439,13.54806983
"1001",3022,"1/31/2008",4.220681339,4.22068133855894,4.220681339
"1002",3023,"1/31/2008",7.795560145,NA,7.795560145
"1003",3027,"2/4/2008",6.461319186,NA,6.461319186
"1004",3032,"2/5/2008",NA,NA,NA
"1005",3037,"2/6/2008",17.9379715,NA,17.9379715
"1006",3043,"2/8/2008",9.241470686,NA,9.241470686
"1007",3047,"2/11/2008",20.33498467,NA,20.33498467
"1008",3049,"2/11/2008",NA,NA,NA
"1009",3050,"2/11/2008",2.216001866,NA,2.216001866
"1010",3051,"2/11/2008",28.65956254,28.6595625350533,28.65956254
"1011",3052,"2/12/2008",18.88671875,NA,18.88671875
"1012",3056,"2/13/2008",NA,NA,NA
"1013",3058,"2/13/2008",9.260581336,NA,9.260581336
"1014",3060,"2/14/2008",16.14103186,NA,16.14103186
"1015",3067,"2/14/2008",10.02598528,9.93562231759657,10.02598528
"1016",3068,"2/14/2008",NA,NA,NA
"1017",3069,"2/15/2008",26.96033909,26.8101761252446,26.96033909
"1018",3071,"2/15/2008",7.365335288,7.33309011309741,7.365335288
"1019",3074,"2/15/2008",16.14103186,NA,16.14103186
"1020",3079,"2/18/2008",NA,NA,NA
"1021",3080,"2/18/2008",13.91961155,NA,13.91961155
"1022",3083,"2/18/2008",NA,NA,NA
"1023",3084,"2/19/2008",11.82622687,11.7725573945542,11.82622687
"1024",3090,"2/19/2008",6.461319186,NA,6.461319186
"1025",3091,"2/20/2008",13.6152656,13.446519524618,13.6152656
"1026",3099,"2/21/2008",5.240926158,NA,5.240926158
"1027",3100,"2/21/2008",17.9379715,NA,17.9379715
"1028",3102,"2/22/2008",2.778685845,2.7786858450474,2.778685845
"1029",3105,"2/25/2008",22.40767045,NA,22.40767045
"1030",3106,"2/25/2008",13.58237962,NA,13.58237962
"1031",3107,"2/25/2008",NA,NA,NA
"1032",3108,"2/26/2008",12.14132344,NA,12.14132344
"1033",3109,"2/26/2008",22.6899384,22.3119636547198,22.6899384
"1034",3110,"2/26/2008",6.114839672,4.8377581120944,6.114839672
"1035",3111,"2/26/2008",7.000759301,NA,7.000759301
"1036",3114,"2/27/2008",32.95568983,31.6795740561471,32.95568983
"1037",3117,"2/27/2008",6.399204244,6.38227513227513,6.399204244
"1038",3119,"2/27/2008",24.75463468,NA,24.75463468
"1039",3121,"2/27/2008",NA,NA,NA
"1040",3124,"2/28/2008",10.88240256,NA,10.88240256
"1041",3126,"2/28/2008",17.04881657,NA,17.04881657
"1042",3129,"2/29/2008",NA,NA,NA
"1043",3130,"3/3/2008",6.290699103,NA,6.290699103
"1044",3134,"3/4/2008",5.818823011,5.8021978021978,5.818823011
"1045",3135,"3/4/2008",14.08385093,NA,14.08385093
"1046",3136,"3/4/2008",13.00798421,NA,13.00798421
"1047",3137,"3/4/2008",24.9614495,NA,24.9614495
"1048",3140,"3/4/2008",5.40315877,NA,5.40315877
"1049",3143,"3/5/2008",4.646066185,4.62579096661575,4.646066185
"1050",3149,"3/6/2008",39.22277451,NA,39.22277451
"1051",3153,"3/6/2008",1.025074909,NA,1.025074909
"1052",3155,"3/6/2008",NA,53.2874828060523,53.2874828060523
"1053",3156,"3/7/2008",4.665663298,4.62982718156603,4.665663298
"1054",3158,"3/7/2008",22.5536031,NA,22.5536031
"1055",3161,"3/10/2008",15.73926868,NA,15.73926868
"1056",3162,"3/10/2008",7.502344483,NA,7.502344483
"1057",3164,"3/11/2008",3.619809016,NA,3.619809016
"1058",3165,"3/11/2008",6.501157164,6.50115716389649,6.501157164
"1059",3168,"3/11/2008",9.596889707,9.59688970738694,9.596889707
"1060",3169,"3/12/2008",9.553512804,NA,9.553512804
"1061",3171,"3/12/2008",6.486758297,NA,6.486758297
"1062",3175,"3/13/2008",21.65554496,NA,21.65554496
"1063",3177,"3/13/2008",7.226720648,NA,7.226720648
"1064",3180,"3/14/2008",19.87129987,NA,19.87129987
"1065",3182,"3/14/2008",NA,NA,NA
"1066",3183,"3/17/2008",27.18376223,NA,27.18376223
"1067",3184,"3/18/2008",13.80013596,NA,13.80013596
"1068",3185,"3/18/2008",23.68421053,NA,23.68421053
"1069",3187,"3/19/2008",39.59537572,NA,39.59537572
"1070",3191,"3/13/2007",25.50834849,NA,25.50834849
"1071",3192,"3/20/2008",9.173700578,NA,9.173700578
"1072",3195,"3/25/2008",5.535872453,NA,5.535872453
"1073",3200,"3/25/2008",4.242101526,NA,4.242101526
"1074",3203,"3/25/2008",17.27559055,17.0898893908709,17.27559055
"1075",3215,"4/7/2008",11.39007961,NA,11.39007961
"1076",3236,"4/9/2008",NA,NA,NA
"1077",3244,"4/15/2008",6.165228113,6.1652281134402,6.165228113
"1078",3246,"4/15/2008",15.96570029,NA,15.96570029
"1079",3257,"4/17/2008",12.66504985,NA,12.66504985
"1080",3260,"4/18/2008",6.180712254,NA,6.180712254
"1081",3271,"4/23/2008",20.98450677,20.1354911554385,20.98450677
"1082",3273,"4/24/2008",28.65956254,NA,28.65956254
"1083",3274,"4/25/2008",18.54174351,NA,18.54174351
"1084",3276,"4/28/2008",NA,NA,NA
"1085",3277,"4/28/2008",4.466248038,NA,4.466248038
"1086",3280,"4/28/2008",NA,NA,NA
"1087",3284,"4/30/2008",NA,NA,NA
"1088",3288,"5/13/2008",15.10131637,NA,15.10131637
"1089",3290,"5/13/2008",13.05714286,11.7965926690759,13.05714286
"1090",3292,"5/14/2008",11.80625631,NA,11.80625631
"1091",3293,"5/15/2008",20.96173887,NA,20.96173887
"1092",3300,"5/29/2008",25.50834849,NA,25.50834849
"1093",3301,"5/29/2008",2.64274062,NA,2.64274062
"1094",3303,"6/3/2008",19.37144886,19.3714488636364,19.37144886
"1095",3304,"6/3/2008",11.79872759,NA,11.79872759
"1096",3305,"6/3/2008",3.685612789,NA,3.685612789
"1097",3306,"6/3/2008",NA,NA,NA
"1098",3309,"6/4/2008",29.2386039,NA,29.2386039
"1099",3314,"7/30/2008",11.99290623,11.6269073715882,11.99290623
"1100",3315,"8/4/2008",28.41209275,NA,28.41209275
"1101",3316,"8/4/2008",5.01047486,NA,5.01047486
"1102",3319,"8/5/2008",NA,NA,NA
"1103",3321,"8/5/2008",6.088066369,NA,6.088066369
"1104",3324,"8/11/2008",12.32806928,NA,12.32806928
"1105",3332,"8/26/2008",6.114839672,4.8377581120944,6.114839672
"1106",3340,"8/27/2008",8.431703204,NA,8.431703204
"1107",3343,"8/29/2008",24.75463468,NA,24.75463468
"1108",3348,"9/9/2008",NA,14.098237720285,14.098237720285
"1109",3352,"9/11/2008",40.12418191,NA,40.12418191
"1110",3354,"9/12/2008",8.824599709,NA,8.824599709
"1111",3356,"9/18/2008",NA,NA,NA
"1112",3358,"9/22/2008",22.53909844,21.1571675302245,22.53909844
"1113",3373,"11/3/2008",6.303786575,NA,6.303786575
"1114",3376,"11/4/2008",38.77708978,NA,38.77708978
"1115",3377,"11/4/2008",3.850248403,NA,3.850248403
"1116",3378,"11/5/2008",NA,NA,NA
"1117",3379,"11/5/2008",5.686247216,NA,5.686247216
"1118",3391,"11/11/2008",9.990316333,NA,9.990316333
"1119",3396,"11/12/2008",9.639909977,NA,9.639909977
"1120",3397,"11/12/2008",30.88644929,NA,30.88644929
"1121",3411,"11/17/2008",4.665663298,NA,4.665663298
"1122",3413,"11/18/2008",3.850248403,NA,3.850248403
"1123",3415,"11/18/2008",NA,NA,NA
"1124",3417,"11/18/2008",NA,NA,NA
"1125",3428,"11/24/2008",5.340042201,NA,5.340042201
"1126",3440,"12/17/2008",10.31885074,NA,10.31885074
"1127",3444,"1/5/2009",42.0943494,42.0943494038362,42.0943494
"1128",3446,"1/5/2009",7.697807436,NA,7.697807436
"1129",3447,"1/5/2009",NA,NA,NA
"1130",3449,"1/6/2009",16.86768677,NA,16.86768677
"1131",3464,"1/13/2009",2.64274062,2.64274061990212,2.64274062
"1132",3472,"1/14/2009",11.55041436,NA,11.55041436
"1133",3473,"1/14/2009",11.55041436,NA,11.55041436
"1134",3480,"1/20/2009",33.24175824,NA,33.24175824
"1135",3482,"1/20/2009",NA,NA,NA
"1136",3484,"1/21/2009",NA,NA,NA
"1137",3487,"1/21/2009",8.380308155,NA,8.380308155
"1138",3496,"1/23/2009",NA,NA,NA
"1139",3502,"1/27/2009",NA,NA,NA
"1140",3504,"1/27/2009",24.73668372,NA,24.73668372
"1141",3506,"1/27/2009",14.78839753,14.7813688212928,14.78839753
"1142",3529,"2/3/2009",7.608906099,7.60890609874153,7.608906099
"1143",3531,"2/4/2009",43.44428365,43.4442836468886,43.44428365
"1144",3533,"2/4/2009",15.88310038,NA,15.88310038
"1145",3536,"2/5/2009",33.03249097,NA,33.03249097
"1146",3539,"2/9/2009",18.56013317,NA,18.56013317
"1147",3544,"2/10/2009",NA,NA,NA
"1148",3546,"2/12/2009",NA,NA,NA
"1149",3550,"2/17/2009",14.03225806,NA,14.03225806
"1150",3553,"2/18/2009",6.319404694,NA,6.319404694
"1151",3554,"2/18/2009",21.22200021,NA,21.22200021
"1152",3563,"2/20/2009",NA,NA,NA
"1153",3564,"2/20/2009",NA,24.8386501936198,24.8386501936198
"1154",3570,"3/4/2009",NA,9.45410711210608,9.45410711210608
"1155",3572,"3/5/2009",10.4456328,NA,10.4456328
"1156",3579,"3/6/2009",19.54630205,NA,19.54630205
"1157",3588,"3/12/2009",9.173700578,NA,9.173700578
"1158",3590,"3/13/2009",NA,NA,NA
"1159",3591,"3/13/2009",10.4456328,NA,10.4456328
"1160",3592,"3/13/2009",23.59898108,NA,23.59898108
"1161",3598,"3/24/2009",4.665663298,4.62982718156603,4.665663298
"1162",3601,"3/25/2009",20.74263764,20.7426376440461,20.74263764
"1163",3602,"3/25/2009",9.639909977,NA,9.639909977
"1164",3603,"3/25/2009",NA,NA,NA
"1165",3619,"4/13/2009",24.75463468,NA,24.75463468
"1166",3620,"4/13/2009",15.2538256,15.2242424242424,15.2538256
"1167",3622,"4/14/2009",NA,NA,NA
"1168",3623,"4/15/2009",6.037104623,NA,6.037104623
"1169",3625,"4/15/2009",NA,4.96476617552851,4.96476617552851
"1170",3626,"4/16/2009",4.64159812,NA,4.64159812
"1171",3627,"4/16/2009",12.88573812,NA,12.88573812
"1172",3628,"4/16/2009",23.11129163,23.1112916328188,23.11129163
"1173",3629,"4/16/2009",13.58237962,NA,13.58237962
"1174",3637,"4/22/2009",24.85754986,24.8575498575499,24.85754986
"1175",3643,"4/27/2009",24.22783795,24.2278379462495,24.22783795
"1176",3649,"4/29/2009",21.77761157,NA,21.77761157
"1177",3653,"4/30/2009",NA,NA,NA
"1178",3654,"5/4/2009",2.279360667,NA,2.279360667
"1179",3655,"5/4/2009",23.78710338,23.7871033776868,23.78710338
"1180",3669,"5/14/2009",5.347593583,NA,5.347593583
"1181",3670,"5/14/2009",11.97782617,NA,11.97782617
"1182",3676,"5/19/2009",23.97779833,NA,23.97779833
"1183",3677,"5/19/2009",NA,NA,NA
"1184",3686,"6/5/2009",28.16023027,NA,28.16023027
"1185",3687,"6/5/2009",NA,NA,NA
"1186",3688,"6/8/2009",NA,18.3202785030461,18.3202785030461
"1187",3690,"6/8/2009",5.347593583,NA,5.347593583
"1188",3691,"6/9/2009",7.728988675,NA,7.728988675
"1189",3696,"6/10/2009",6.303786575,NA,6.303786575
"1190",3723,"7/8/2009",NA,NA,NA
"1191",3737,"7/23/2009",12.94354259,NA,12.94354259
"1192",3740,"7/27/2009",27.21350311,NA,27.21350311
"1193",3742,"7/28/2009",3.335659456,NA,3.335659456
"1194",3765,"8/12/2009",24.22783795,NA,24.22783795
"1195",3767,"8/12/2009",NA,NA,NA
"1196",3768,"8/12/2009",23.77254509,NA,23.77254509
"1197",3770,"8/14/2009",NA,NA,NA
"1198",3774,"8/19/2009",11.7278798,7.78609032973123,11.7278798
"1199",3778,"8/19/2009",45.14200299,NA,45.14200299
"1200",3779,"8/20/2009",3.527308192,NA,3.527308192
"1201",3782,"8/20/2009",NA,NA,NA
"1202",3788,"8/24/2009",5.598885794,5.58954393770856,5.598885794
"1203",3792,"8/26/2009",NA,NA,NA
"1204",3801,"9/1/2009",18.85714286,NA,18.85714286
"1205",3803,"9/2/2009",NA,NA,NA
"1206",3814,"9/3/2009",4.191019244,NA,4.191019244
"1207",3816,"9/3/2009",NA,NA,NA
"1208",3826,"9/9/2009",NA,NA,NA
"1209",3827,"9/9/2009",NA,NA,NA
"1210",3829,"9/10/2009",3.322082075,3.26751703651931,3.322082075
"1211",3831,"9/11/2009",8.1743035,NA,8.1743035
"1212",3835,"9/14/2009",5.065653075,NA,5.065653075
"1213",3838,"9/16/2009",NA,NA,NA
"1214",3840,"9/16/2009",18.49228434,NA,18.49228434
"1215",3846,"9/18/2009",7.598039216,NA,7.598039216
"1216",3847,"9/18/2009",39.88795518,39.8879551820728,39.88795518
"1217",3848,"9/21/2009",NA,NA,NA
"1218",3850,"9/22/2009",9.294575079,NA,9.294575079
"1219",3855,"9/23/2009",7.298850575,NA,7.298850575
"1220",3861,"9/28/2009",28.16023027,28.1602302710482,28.16023027
"1221",3875,"10/6/2009",7.668898357,NA,7.668898357
"1222",3878,"10/7/2009",19.47496947,17.8811659192825,19.47496947
"1223",3879,"10/7/2009",9.682139663,NA,9.682139663
"1224",3882,"10/9/2009",NA,NA,NA
"1225",3887,"10/13/2009",NA,NA,NA
"1226",3889,"10/14/2009",5.092918676,NA,5.092918676
"1227",3892,"10/15/2009",1.162790698,NA,1.162790698
"1228",3901,"10/19/2009",15.11758119,15.1175811870101,15.11758119
"1229",3906,"10/21/2009",25.67208272,NA,25.67208272
"1230",3910,"10/26/2009",25.50834849,NA,25.50834849
"1231",3911,"10/27/2009",NA,NA,NA
"1232",3915,"11/2/2009",NA,16.478850236812,16.478850236812
"1233",3919,"11/3/2009",NA,NA,NA
"1234",3925,"11/6/2009",18.88671875,NA,18.88671875
"1235",3926,"11/6/2009",16.82225541,10.157590887814,16.82225541
"1236",3936,"11/13/2009",5.673335324,NA,5.673335324
"1237",3941,"11/18/2009",14.78839753,14.7813688212928,14.78839753
"1238",3944,"11/19/2009",15.24892845,NA,15.24892845
"1239",3948,"11/24/2009",11.66816952,11.60954602548,11.66816952
"1240",3951,"11/25/2009",11.64057182,NA,11.64057182
"1241",3955,"12/1/2009",NA,50.7400379506641,50.7400379506641
"1242",3970,"12/15/2009",NA,35.7969489742241,35.7969489742241
"1243",3975,"12/17/2009",15.11758119,15.1175811870101,15.11758119
"1244",3988,"1/19/2010",24.9614495,NA,24.9614495
"1245",4006,"2/10/2010",NA,NA,NA
"1246",4007,"2/10/2010",22.68921634,22.5758080639787,22.68921634
"1247",4012,"2/17/2010",7.960255825,NA,7.960255825
"1248",4016,"2/22/2010",NA,NA,NA
"1249",4020,"2/24/2010",15.94322156,15.7392363931763,15.94322156
"1250",4021,"2/25/2010",12.67605634,12.6760563380282,12.67605634
"1251",4032,"3/4/2010",38.77708978,38.6276021588281,38.77708978
"1252",4044,"3/11/2010",6.418642682,NA,6.418642682
"1253",4046,"3/11/2010",6.300078555,NA,6.300078555
"1254",4047,"3/11/2010",NA,NA,NA
"1255",4052,"3/15/2010",NA,NA,NA
"1256",4055,"3/16/2010",24.99016909,NA,24.99016909
"1257",4057,"3/17/2010",NA,NA,NA
"1258",4058,"3/18/2010",15.86179819,15.4110242227732,15.86179819
"1259",4059,"3/19/2010",NA,37.5423318819545,37.5423318819545
"1260",4067,"3/24/2010",5.700751388,5.66926575698506,5.700751388
"1261",4070,"3/25/2010",17.9379715,NA,17.9379715
"1262",4073,"3/26/2010",10.591133,NA,10.591133
"1263",4077,"3/29/2010",14.78839753,14.7813688212928,14.78839753
"1264",4080,"3/29/2010",NA,NA,NA
"1265",4086,"3/31/2010",9.794262533,NA,9.794262533
"1266",4094,"4/10/2010",35.29206016,NA,35.29206016
"1267",4119,"4/23/2010",18.71970168,NA,18.71970168
"1268",4124,"4/27/2010",24.22783795,NA,24.22783795
"1269",4130,"5/3/2010",27.45264348,27.4526434831778,27.45264348
"1270",4132,"5/3/2010",16.78846534,16.7884653367569,16.78846534
"1271",4136,"5/5/2010",44.13934426,43.9233278955954,44.13934426
"1272",4138,"5/5/2010",8.800117925,NA,8.800117925
"1273",4141,"5/10/2010",NA,NA,NA
"1274",4146,"5/14/2010",15.5654541,NA,15.5654541
"1275",4147,"6/15/2010",9.241470686,NA,9.241470686
"1276",4150,"5/18/2010",29.81725653,NA,29.81725653
"1277",4151,"5/24/2010",20.12057272,20.120572720422,20.12057272
"1278",4176,"6/15/2010",3.827846093,NA,3.827846093
"1279",4185,"6/24/2010",11.96290976,NA,11.96290976
"1280",4195,"7/13/2010",19.3578151,NA,19.3578151
"1281",4196,"7/13/2010",7.809110629,NA,7.809110629
"1282",4197,"7/13/2010",20.83559414,NA,20.83559414
"1283",4205,"7/21/2010",6.267761288,6.19151590767311,6.267761288
"1284",4206,"7/22/2010",16.82225541,NA,16.82225541
"1285",4218,"8/11/2010",7.502344483,NA,7.502344483
"1286",4220,"8/11/2010",28.82410107,28.5356936694247,28.82410107
"1287",4226,"8/18/2010",26.63495838,18.693928645942,26.63495838
"1288",4230,"8/24/2010",15.89879154,15.8867924528302,15.89879154
"1289",4235,"8/25/2010",24.75463468,NA,24.75463468
"1290",4237,"8/27/2010",31.81415929,NA,31.81415929
"1291",4241,"9/8/2010",14.78839753,14.7813688212928,14.78839753
"1292",4246,"9/13/2010",28.23679727,NA,28.23679727
"1293",4247,"9/13/2010",3.203248365,3.20324836453869,3.203248365
"1294",4249,"9/14/2010",NA,NA,NA
"1295",4253,"9/15/2010",NA,NA,NA
"1296",4254,"9/15/2010",43.98907104,NA,43.98907104
"1297",4256,"9/15/2010",3.850248403,NA,3.850248403
"1298",4257,"9/16/2010",NA,NA,NA
"1299",4260,"9/16/2010",14.57730168,NA,14.57730168
"1300",4264,"9/20/2010",29.81725653,NA,29.81725653
"1301",4266,"9/20/2010",8.18772299,NA,8.18772299
"1302",4268,"9/21/2010",NA,NA,NA
"1303",4269,"9/22/2010",25.74484339,25.7448433919022,25.74484339
"1304",4270,"9/22/2010",6.319404694,NA,6.319404694
"1305",4279,"9/27/2010",9.914175792,NA,9.914175792
"1306",4280,"9/28/2010",NA,NA,NA
"1307",4281,"9/28/2010",10.53196382,NA,10.53196382
"1308",4283,"9/28/2010",6.114839672,NA,6.114839672
"1309",4284,"9/29/2010",32.53676471,31.8775326429536,32.53676471
"1310",4291,"10/19/2010",NA,NA,NA
"1311",4299,"10/26/2010",NA,NA,NA
"1312",4305,"11/17/2010",43.44428365,43.4442836468886,43.44428365
"1313",4306,"11/9/2010",25.07457739,NA,25.07457739
"1314",4313,"11/15/2010",11.7221873,NA,11.7221873
"1315",4318,"11/17/2010",26.09356015,NA,26.09356015
"1316",4319,"11/18/2010",32.12321232,31.5334773218143,32.12321232
"1317",4330,"11/23/2010",18.49228434,NA,18.49228434
"1318",4334,"11/30/2010",12.67183204,NA,12.67183204
"1319",4336,"12/2/2010",24.22783795,NA,24.22783795
"1320",4338,"12/6/2010",NA,NA,NA
"1321",4340,"12/7/2010",NA,NA,NA
"1322",4346,"12/10/2010",1.72970182,NA,1.72970182
"1323",4348,"12/10/2010",NA,NA,NA
"1324",4351,"12/14/2010",13.81446752,NA,13.81446752
"1325",4354,"12/15/2010",12.74707543,NA,12.74707543
"1326",4362,"12/22/2010",NA,NA,NA
"1327",4371,"1/6/2011",10.60803366,NA,10.60803366
"1328",4374,"1/7/2011",1.025074909,NA,1.025074909
"1329",4378,"1/18/2011",37.34668335,7.72870662460568,37.34668335
"1330",4379,"1/18/2011",NA,14.0466392318244,14.0466392318244
"1331",4383,"1/20/2011",10.83333333,10.0205549845838,10.83333333
"1332",4385,"1/25/2011",32.97142857,31.7672967516976,32.97142857
"1333",4386,"1/25/2011",4.537964254,NA,4.537964254
"1334",4387,"1/27/2011",18.88671875,NA,18.88671875
"1335",4389,"2/1/2011",24.57434733,24.5743473325766,24.57434733
"1336",4391,"2/2/2011",18.44170404,18.3133871416643,18.44170404
"1337",4395,"2/8/2011",28.24664141,NA,28.24664141
"1338",4399,"2/21/2011",1.162790698,1.16279069767442,1.162790698
"1339",4404,"2/24/2011",8.824599709,NA,8.824599709
"1340",4418,"3/8/2011",3.854773644,3.85477364410578,3.854773644
"1341",4448,"3/24/2011",7.997714939,NA,7.997714939
"1342",4456,"3/30/2011",32.91875627,NA,32.91875627
"1343",4457,"3/30/2011",NA,NA,NA
"1344",4460,"3/31/2011",3.755407,NA,3.755407
"1345",4462,"3/31/2011",35.08287293,35.0828729281768,35.08287293
"1346",4463,"4/1/2011",20.2079566,NA,20.2079566
"1347",4467,"4/6/2011",NA,NA,NA
"1348",4473,"4/12/2011",43.71584699,NA,43.71584699
"1349",4488,"4/22/2011",15.88310038,NA,15.88310038
"1350",4490,"4/25/2011",15.30506722,NA,15.30506722
"1351",4501,"4/27/2011",22.5536031,NA,22.5536031
"1352",4503,"4/28/2011",29.50953678,28.5601265822785,29.50953678
"1353",4513,"5/3/2011",NA,NA,NA
"1354",4518,"5/5/2011",8.380308155,NA,8.380308155
"1355",4522,"5/9/2011",NA,NA,NA
"1356",4523,"5/9/2011",NA,12.2964867180805,12.2964867180805
"1357",4526,"5/11/2011",5.288744844,NA,5.288744844
"1358",4530,"5/18/2011",9.528869996,NA,9.528869996
"1359",4562,"6/16/2011",28.6548488,NA,28.6548488
"1360",4565,"6/22/2011",NA,NA,NA
"1361",4571,"6/24/2011",17.25906926,NA,17.25906926
"1362",4575,"7/2/2011",8.824599709,NA,8.824599709
"1363",4576,"7/4/2011",34.33559651,NA,34.33559651
"1364",4580,"7/6/2011",14.93251324,NA,14.93251324
"1365",4596,"7/13/2011",NA,15.405701754386,15.405701754386
"1366",4609,"7/20/2011",25.07457739,NA,25.07457739
"1367",4620,"8/1/2011",22.40767045,NA,22.40767045
"1368",4624,"8/4/2011",5.103058511,NA,5.103058511
"1369",4636,"8/18/2011",37.34668335,NA,37.34668335
"1370",4648,"8/25/2011",3.206997085,NA,3.206997085
"1371",4665,"9/13/2011",17.25906926,NA,17.25906926
"1372",4666,"9/13/2011",NA,17.2100313479624,17.2100313479624
"1373",4669,"9/14/2011",3.259342512,NA,3.259342512
"1374",4678,"9/21/2011",NA,NA,NA
"1375",4686,"9/27/2011",9.173700578,NA,9.173700578
"1376",4701,"10/5/2011",NA,NA,NA
"1377",4709,"10/13/2011",6.112355356,NA,6.112355356
"1378",4712,"10/14/2011",NA,NA,NA
"1379",4717,"10/15/2011",25.92592593,25.9259259259259,25.92592593
"1380",4718,"10/16/2011",7.668898357,NA,7.668898357
"1381",4719,"10/17/2011",10.43753295,NA,10.43753295
"1382",4722,"10/18/2011",NA,NA,NA
"1383",4723,"10/19/2011",27.65483829,NA,27.65483829
"1384",4728,"10/20/2011",NA,10.61180292366,10.61180292366
"1385",4729,"10/24/2011",14.08272813,NA,14.08272813
"1386",4730,"10/24/2011",5.347593583,NA,5.347593583
"1387",4746,"11/10/2011",15.87510385,NA,15.87510385
"1388",4749,"11/11/2011",42.0943494,42.0943494038362,42.0943494
"1389",4752,"11/17/2011",NA,NA,NA
"1390",4753,"11/17/2011",21.32308315,NA,21.32308315
"1391",4755,"11/18/2011",13.00798421,NA,13.00798421
"1392",4766,"11/29/2011",NA,NA,NA
"1393",4773,"12/8/2011",12.27185641,NA,12.27185641
"1394",4777,"12/9/2011",12.94354259,NA,12.94354259
"1395",4778,"12/12/2011",12.48259053,12.1443089430894,12.48259053
"1396",4783,"12/15/2011",26.27291242,NA,26.27291242
"1397",4796,"12/21/2011",15.61634733,NA,15.61634733
"1398",4802,"12/27/2011",12.98787798,NA,12.98787798
"1399",4804,"1/3/2012",16.74473068,16.7447306791569,16.74473068
"1400",4811,"1/10/2012",4.072177518,4.0632603406326,4.072177518
"1401",4813,"1/10/2012",NA,22.6851851851852,22.6851851851852
"1402",4820,"1/13/2012",NA,NA,NA
"1403",4824,"1/13/2012",NA,8.22641509433962,8.22641509433962
"1404",4828,"1/17/2012",14.32187302,NA,14.32187302
"1405",4831,"1/17/2012",21.51295337,21.4020618556701,21.51295337
"1406",4832,"1/17/2012",14.79222265,NA,14.79222265
"1407",4833,"1/18/2012",9.391992091,9.39199209095403,9.391992091
"1408",4834,"1/18/2012",19.90689013,19.6074834922964,19.90689013
"1409",4837,"1/19/2012",NA,18.8334360238242,18.8334360238242
"1410",4838,"1/19/2012",4.944216089,NA,4.944216089
"1411",4844,"1/19/2012",NA,NA,NA
"1412",4845,"1/20/2012",7.559897651,NA,7.559897651
"1413",4850,"1/23/2012",34.34203918,NA,34.34203918
"1414",4852,"1/24/2012",22.68921634,22.5758080639787,22.68921634
"1415",4853,"1/24/2012",32.12321232,31.5334773218143,32.12321232
"1416",4854,"1/24/2012",19.55929686,19.5592968556573,19.55929686
"1417",4857,"1/25/2012",15.73474593,NA,15.73474593
"1418",4859,"1/26/2012",34.48167375,10.1400933955971,34.48167375
"1419",4860,"1/26/2012",NA,NA,NA
"1420",4861,"1/26/2012",NA,33.1767863133177,33.1767863133177
"1421",4864,"1/27/2012",25.74484339,25.7448433919022,25.74484339
"1422",4869,"1/30/2012",13.07426313,NA,13.07426313
"1423",4879,"2/2/2012",NA,NA,NA
"1424",4880,"2/3/2012",NA,NA,NA
"1425",4884,"2/6/2012",18.85553471,NA,18.85553471
"1426",4887,"2/6/2012",47.61806982,46.5102286401925,47.61806982
"1427",4900,"2/13/2012",11.55041436,NA,11.55041436
"1428",4902,"2/13/2012",42.30279898,42.3027989821883,42.30279898
"1429",4903,"2/13/2012",NA,NA,NA
"1430",4904,"2/13/2012",10.68020128,NA,10.68020128
"1431",4907,"2/14/2012",18.21400472,NA,18.21400472
"1432",4917,"2/15/2012",27.17375093,NA,27.17375093
"1433",4922,"2/17/2012",14.08405518,13.9542275905912,14.08405518
"1434",4924,"2/17/2012",NA,9.70013630168105,9.70013630168105
"1435",4937,"2/22/2012",48.30659537,48.3065953654189,48.30659537
"1436",4942,"2/24/2012",NA,NA,NA
"1437",4949,"2/27/2012",NA,NA,NA
"1438",4958,"3/1/2012",43.44428365,NA,43.44428365
"1439",4960,"3/1/2012",4.242101526,NA,4.242101526
"1440",4962,"3/2/2012",9.124046019,NA,9.124046019
"1441",4966,"3/6/2012",6.73858037,NA,6.73858037
"1442",4968,"3/6/2012",25.07457739,NA,25.07457739
"1443",4969,"3/6/2012",23.70970931,NA,23.70970931
"1444",4975,"3/7/2012",14.63414634,NA,14.63414634
"1445",4978,"3/7/2012",21.95471109,NA,21.95471109
"1446",4990,"3/14/2012",11.79872759,11.46282075295,11.79872759
"1447",4991,"3/14/2012",NA,20.6077872744539,20.6077872744539
"1448",4993,"3/15/2012",14.08405518,NA,14.08405518
"1449",5000,"3/19/2012",5.825379001,NA,5.825379001
"1450",5002,"3/19/2012",14.93251324,NA,14.93251324
"1451",5005,"3/20/2012",NA,NA,NA
"1452",5008,"3/21/2012",NA,NA,NA
"1453",5011,"3/22/2012",8.692616512,NA,8.692616512
"1454",5012,"3/22/2012",27.84522003,NA,27.84522003
"1455",5014,"3/22/2012",7.997714939,NA,7.997714939
"1456",5017,"3/23/2012",14.48982761,NA,14.48982761
"1457",5030,"3/28/2012",NA,NA,NA
"1458",5032,"3/29/2012",15.18527488,15.18527488496,15.18527488
"1459",5042,"4/3/2012",NA,27.2456461961503,27.2456461961503
"1460",5051,"4/5/2012",NA,10.1191638991991,10.1191638991991
"1461",5053,"4/7/2012",NA,NA,NA
"1462",5054,"4/10/2012",4.670050761,NA,4.670050761
"1463",5062,"4/11/2012",25.79371889,NA,25.79371889
"1464",5063,"4/11/2012",NA,NA,NA
"1465",5065,"4/12/2012",NA,NA,NA
"1466",5066,"4/13/2012",NA,3.41483979763912,3.41483979763912
"1467",5072,"4/17/2012",19.07570105,NA,19.07570105
"1468",5073,"4/17/2012",15.2538256,NA,15.2538256
"1469",5081,"4/24/2012",24.22783795,NA,24.22783795
"1470",5083,"4/24/2012",7.273227552,NA,7.273227552
"1471",5084,"4/24/2012",18.35736354,NA,18.35736354
"1472",5086,"4/24/2012",NA,NA,NA
"1473",5093,"4/26/2012",7.697807436,7.697807435653,7.697807436
"1474",5097,"4/30/2012",0.964630225,NA,0.964630225
"1475",5098,"4/30/2012",3.621842496,NA,3.621842496
"1476",5105,"5/2/2012",28.65956254,28.6595625350533,28.65956254
"1477",5111,"5/6/2012",15.88310038,NA,15.88310038
"1478",5115,"5/8/2012",NA,NA,NA
"1479",5117,"5/9/2012",3.975925588,NA,3.975925588
"1480",5118,"5/9/2012",12.94354259,NA,12.94354259
"1481",5119,"5/9/2012",3.2780168,NA,3.2780168
"1482",5127,"5/11/2012",9.990316333,NA,9.990316333
"1483",5131,"5/14/2012",17.73898924,NA,17.73898924
"1484",5136,"5/15/2012",42.0943494,42.0943494038362,42.0943494
"1485",5139,"5/15/2012",NA,NA,NA
"1486",5144,"5/17/2012",NA,NA,NA
"1487",5149,"5/21/2012",20.74263764,20.7426376440461,20.74263764
"1488",5154,"5/24/2012",13.05714286,11.7965926690759,13.05714286
"1489",5164,"5/31/2012",10.60803366,NA,10.60803366
"1490",5165,"5/31/2012",25.92592593,25.9259259259259,25.92592593
"1491",5173,"6/7/2012",3.172002978,NA,3.172002978
"1492",5175,"6/7/2012",5.757145753,NA,5.757145753
"1493",5177,"6/7/2012",NA,NA,NA
"1494",5182,"6/12/2012",NA,NA,NA
"1495",5194,"6/19/2012",24.9614495,NA,24.9614495
"1496",5197,"6/20/2012",NA,NA,NA
"1497",5198,"6/21/2012",18.11594203,17.7523927138006,18.11594203
"1498",5200,"6/21/2012",NA,NA,NA
"1499",5210,"6/28/2012",NA,8.34893298390116,8.34893298390116
"1500",5216,"7/3/2012",18.88671875,NA,18.88671875
"1501",5234,"7/11/2012",NA,NA,NA
"1502",5235,"7/11/2012",7.675852523,NA,7.675852523
"1503",5237,"7/12/2012",3.975925588,NA,3.975925588
"1504",5243,"7/17/2012",3.004956629,NA,3.004956629
"1505",5245,"7/18/2012",32.12321232,NA,32.12321232
"1506",5247,"7/19/2012",31.97857593,NA,31.97857593
"1507",5250,"7/23/2012",27.18393923,27.1544715447154,27.18393923
"1508",5251,"7/23/2012",6.334535618,NA,6.334535618
"1509",5261,"7/26/2012",17.1975631,NA,17.1975631
"1510",5263,"7/27/2012",NA,18.3889340927583,18.3889340927583
"1511",5264,"7/27/2012",NA,NA,NA
"1512",5287,"8/7/2012",NA,NA,NA
"1513",5289,"8/7/2012",21.94495413,NA,21.94495413
"1514",5292,"8/8/2012",9.214245336,NA,9.214245336
"1515",5297,"8/10/2012",33.65751997,NA,33.65751997
"1516",5303,"8/15/2012",NA,16.4251207729469,16.4251207729469
"1517",5305,"8/16/2012",11.97782617,11.977826173035,11.97782617
"1518",5321,"8/24/2012",NA,NA,NA
"1519",5332,"8/31/2012",16.62226958,16.6222695791156,16.62226958
"1520",5334,"9/4/2012",9.391992091,NA,9.391992091
"1521",5338,"9/5/2012",4.982064568,NA,4.982064568
"1522",5341,"9/5/2012",13.96723526,13.9672352643135,13.96723526
"1523",5344,"9/6/2012",10.53196382,NA,10.53196382
"1524",5348,"9/10/2012",5.686247216,NA,5.686247216
"1525",5354,"9/13/2012",7.559897651,NA,7.559897651
"1526",5357,"9/13/2012",NA,NA,NA
"1527",5358,"9/13/2012",NA,14.7715196599362,14.7715196599362
"1528",5360,"9/14/2012",20.25061213,NA,20.25061213
"1529",5365,"9/17/2012",8.380308155,NA,8.380308155
"1530",5366,"9/17/2012",14.269813,14.1688770999116,14.269813
"1531",5372,"9/20/2012",NA,NA,NA
"1532",5379,"9/28/2012",NA,26.2394195888754,26.2394195888754
"1533",5383,"10/2/2012",14.03225806,NA,14.03225806
"1534",5385,"10/9/2012",2.288732394,NA,2.288732394
"1535",5387,"10/15/2012",4.434620432,NA,4.434620432
"1536",5389,"10/17/2012",15.44344996,NA,15.44344996
"1537",5400,"11/16/2012",NA,NA,NA
"1538",5402,"11/19/2012",13.00798421,NA,13.00798421
"1539",5408,"11/27/2012",12.22303384,NA,12.22303384
"1540",5410,"11/27/2012",NA,17.0898893908709,17.0898893908709
"1541",5411,"11/27/2012",NA,NA,NA
"1542",5422,"12/10/2012",4.61885092,NA,4.61885092
"1543",5423,"12/10/2012",11.20938281,NA,11.20938281
"1544",5428,"12/11/2012",NA,NA,NA
"1545",5433,"12/13/2012",10.98322008,NA,10.98322008
"1546",5434,"12/14/2012",18.33599072,NA,18.33599072
"1547",5440,"12/19/2012",7.273227552,NA,7.273227552
"1548",5441,"12/19/2012",NA,NA,NA
"1549",5448,"1/2/2013",9.088331207,NA,9.088331207
"1550",5450,"1/4/2013",16.29434954,NA,16.29434954
"1551",5459,"1/14/2013",NA,NA,NA
"1552",5460,"1/14/2013",NA,2.80172413793103,2.80172413793103
"1553",5461,"1/14/2013",32.53676471,NA,32.53676471
"1554",5464,"1/15/2013",NA,NA,NA
"1555",5466,"1/16/2013",3.975925588,NA,3.975925588
"1556",5469,"1/20/2013",36.2471585,NA,36.2471585
"1557",5474,"1/23/2013",9.173700578,NA,9.173700578
"1558",5475,"1/23/2013",2.384737679,NA,2.384737679
"1559",5479,"1/28/2013",38.26871055,NA,38.26871055
"1560",5487,"2/1/2013",NA,3.70276439259447,3.70276439259447
"1561",5490,"2/4/2013",32.38425926,32.3169323169323,32.38425926
"1562",5493,"2/5/2013",15.6969697,NA,15.6969697
"1563",5496,"2/6/2013",21.32308315,NA,21.32308315
"1564",5503,"2/11/2013",17.44548287,NA,17.44548287
"1565",5505,"2/11/2013",4.185860204,NA,4.185860204
"1566",5509,"2/13/2013",24.48112028,NA,24.48112028
"1567",5524,"2/20/2013",NA,NA,NA
"1568",5540,"2/28/2013",16.01658477,15.9406999847165,16.01658477
"1569",5547,"3/5/2013",18.05372083,NA,18.05372083
"1570",5549,"3/6/2013",18.24715512,NA,18.24715512
"1571",5555,"3/12/2013",19.07570105,NA,19.07570105
"1572",5561,"3/14/2013",4.072022161,4.07202216066482,4.072022161
"1573",5572,"3/21/2013",5.062473072,5.04291845493562,5.062473072
"1574",5573,"3/21/2013",2.679192763,NA,2.679192763
"1575",5575,"3/21/2013",21.39807054,NA,21.39807054
"1576",5579,"3/22/2013",24.03225806,NA,24.03225806
"1577",5580,"3/22/2013",NA,NA,NA
"1578",5584,"3/25/2013",31.67121153,31.67121153097,31.67121153
"1579",5586,"3/25/2013",NA,NA,NA
"1580",5587,"3/25/2013",9.794262533,NA,9.794262533
"1581",5597,"4/1/2013",9.173700578,NA,9.173700578
"1582",5601,"4/2/2013",7.204610951,NA,7.204610951
"1583",5604,"4/2/2013",9.553512804,7.36895416561155,9.553512804
"1584",5609,"4/4/2013",NA,NA,NA
"1585",5611,"4/4/2013",2.607615894,NA,2.607615894
"1586",5614,"4/5/2013",1.76744186,NA,1.76744186
"1587",5617,"4/8/2013",17.73898924,17.3584905660377,17.73898924
"1588",5619,"4/9/2013",10.57747284,10.5774728416238,10.57747284
"1589",5631,"4/22/2013",12.77906082,NA,12.77906082
"1590",5637,"4/16/2013",NA,NA,NA
"1591",5639,"4/17/2013",30.87848501,NA,30.87848501
"1592",5642,"4/18/2013",29.79345641,NA,29.79345641
"1593",5643,"4/19/2013",9.528869996,NA,9.528869996
"1594",5647,"4/22/2013",26.3778448,NA,26.3778448
"1595",5652,"4/24/2013",8.918883155,NA,8.918883155
"1596",5661,"4/26/2013",12.56969083,NA,12.56969083
"1597",5664,"4/30/2013",NA,10.9143686502177,10.9143686502177
"1598",5670,"5/1/2013",4.466248038,5.3859677161579,4.466248038
"1599",5676,"5/6/2013",NA,NA,NA
"1600",5677,"5/7/2013",NA,NA,NA
"1601",5678,"5/8/2013",6.319404694,NA,6.319404694
"1602",5688,"5/21/2013",11.55041436,NA,11.55041436
"1603",5689,"5/22/2013",1.517678452,NA,1.517678452
"1604",5690,"5/22/2013",9.241470686,NA,9.241470686
"1605",5692,"5/23/2013",16.08358209,NA,16.08358209
"1606",5694,"5/28/2013",NA,NA,NA
"1607",5697,"5/28/2013",5.340042201,NA,5.340042201
"1608",5698,"5/29/2013",NA,NA,NA
"1609",5703,"6/3/2013",18.24715512,13.2980132450331,18.24715512
"1610",5713,"6/6/2013",12.14132344,12.1413234432949,12.14132344
"1611",5718,"6/11/2013",23.84628018,NA,23.84628018
"1612",5719,"6/11/2013",9.639909977,NA,9.639909977
"1613",5721,"6/11/2013",NA,4.28571428571429,4.28571428571429
"1614",5722,"6/12/2013",16.78846534,16.7884653367569,16.78846534
"1615",5726,"6/18/2013",19.07570105,NA,19.07570105
"1616",5733,"6/24/2013",14.08405518,13.9542275905912,14.08405518
"1617",5737,"6/25/2013",8.72972973,NA,8.72972973
"1618",5742,"6/28/2013",8.1743035,NA,8.1743035
"1619",5743,"7/2/2013",28.24664141,NA,28.24664141
"1620",5744,"7/2/2013",6.131877362,NA,6.131877362
"1621",5750,"7/5/2013",6.290699103,8.77445932028836,6.290699103
"1622",5753,"7/8/2013",7.259699878,NA,7.259699878
"1623",5756,"7/9/2013",4.982064568,4.9820645675568,4.982064568
"1624",5758,"7/8/2013",13.62392494,NA,13.62392494
"1625",5772,"7/22/2013",24.9614495,NA,24.9614495
"1626",5775,"7/23/2013",22.5536031,NA,22.5536031
"1627",5783,"8/1/2013",31.37561411,29.554059739167,31.37561411
"1628",5786,"8/2/2013",21.91148912,NA,21.91148912
"1629",5792,"8/7/2013",17.04881657,17.0488165680473,17.04881657
"1630",5806,"8/13/2013",15.56952663,NA,15.56952663
"1631",5809,"8/13/2013",7.675852523,NA,7.675852523
"1632",5821,"8/16/2013",20.44826527,18.8135593220339,20.44826527
"1633",5832,"8/21/2013",NA,NA,NA
"1634",5836,"8/22/2013",56.92908263,56.9290826284971,56.92908263
"1635",5865,"9/5/2013",4.434620432,NA,4.434620432
"1636",5893,"9/23/2013",24.99016909,NA,24.99016909
"1637",5894,"4/19/2013",28.24664141,NA,28.24664141
"1638",5902,"9/24/2013",5.748203686,2.34766552360855,5.748203686
"1639",5904,"9/25/2013",NA,NA,NA
"1640",5908,"9/26/2013",25.13484358,NA,25.13484358
"1641",5909,"9/26/2013",NA,NA,NA
"1642",5914,"9/30/2013",NA,NA,NA
"1643",5916,"9/30/2013",NA,NA,NA
"1644",5921,"10/1/2013",NA,NA,NA
"1645",5924,"10/14/2013",18.75955171,NA,18.75955171
"1646",5925,"10/2/2013",5.598885794,5.58954393770856,5.598885794
"1647",5929,"10/3/2013",6.319404694,NA,6.319404694
"1648",5930,"10/4/2013",24.75463468,NA,24.75463468
"1649",5932,"10/7/2013",10.88082902,NA,10.88082902
"1650",5937,"10/7/2013",8.885400314,8.88540031397174,8.885400314
"1651",5943,"10/9/2013",9.391992091,9.39199209095403,9.391992091
"1652",5948,"10/14/2013",22.46074976,NA,22.46074976
"1653",5951,"10/18/2013",3.752450294,NA,3.752450294
"1654",5955,"10/22/2013",34.34203918,NA,34.34203918
"1655",5956,"10/23/2013",9.794262533,NA,9.794262533
"1656",5960,"10/24/2013",3.022825416,3.02282541640962,3.022825416
"1657",5962,"10/28/2013",NA,NA,NA
"1658",5974,"11/4/2013",NA,15.9866338374956,15.9866338374956
"1659",5975,"11/5/2013",13.01465457,NA,13.01465457
"1660",5979,"11/5/2013",NA,18.3202785030461,18.3202785030461
"1661",5994,"11/13/2013",37.10490151,NA,37.10490151
"1662",5999,"11/18/2013",5.336905007,NA,5.336905007
"1663",6002,"11/20/2013",NA,15.4249508411623,15.4249508411623
"1664",6003,"11/22/2013",NA,NA,NA
"1665",6005,"11/27/2013",4.557322573,NA,4.557322573
"1666",6006,"11/27/2013",9.794262533,NA,9.794262533
"1667",6007,"1/29/2013",8.578888474,NA,8.578888474
"1668",6012,"12/11/2013",10.73825503,NA,10.73825503
"1669",6018,"12/12/2013",36.13151452,36.0684357541899,36.13151452
"1670",6023,"12/17/2013",15.6969697,15.6969696969697,15.6969697
"1671",6030,"12/23/2013",36.2471585,46.7808786957723,36.2471585
"1672",6033,"12/30/2013",6.180712254,NA,6.180712254
"1673",6036,"1/6/2014",6.252707581,NA,6.252707581
"1674",6043,"1/8/2014",NA,NA,NA
"1675",6045,"1/8/2014",64.76253736,64.7625373630023,64.76253736
"1676",6064,"1/16/2014",18.57206406,NA,18.57206406
"1677",6067,"1/17/2014",24.8684672,NA,24.8684672
"1678",6072,"1/21/2014",NA,NA,NA
"1679",6080,"2/4/2014",NA,NA,NA
"1680",6081,"2/5/2014",NA,21.7196596506941,21.7196596506941
"1681",6083,"2/6/2014",19.4400755,NA,19.4400755
"1682",6086,"2/10/2014",NA,NA,NA
"1683",6088,"1/28/2014",8.348932984,NA,8.348932984
"1684",6090,"2/17/2014",7.598039216,15.925597874225,7.598039216
"1685",6091,"2/17/2014",19.3578151,NA,19.3578151
"1686",6092,"2/18/2014",3.203248365,NA,3.203248365
"1687",6099,"2/20/2014",NA,NA,NA
"1688",6102,"2/24/2014",NA,NA,NA
"1689",6107,"2/27/2014",3.645200486,3.64520048602673,3.645200486
"1690",6109,"2/27/2014",8.944870391,7.72870662460568,8.944870391
"1691",6112,"2/28/2014",21.59936659,NA,21.59936659
"1692",6116,"3/4/2014",4.322290015,NA,4.322290015
"1693",6124,"3/11/2014",5.686247216,NA,5.686247216
"1694",6125,"3/11/2014",NA,NA,NA
"1695",6128,"3/13/2014",NA,NA,NA
"1696",6131,"3/13/2014",10.48503282,10.4315973881191,10.48503282
"1697",6136,"3/18/2014",NA,14.0466392318244,14.0466392318244
"1698",6140,"3/24/2014",13.92852787,NA,13.92852787
"1699",6155,"4/4/2014",10.39136302,NA,10.39136302
"1700",6157,"7/7/2014",14.79222265,NA,14.79222265
"1701",6159,"4/8/2014",19.28028087,NA,19.28028087
"1702",6161,"4/9/2014",4.982064568,4.9820645675568,4.982064568
"1703",6166,"4/9/2014",10.4456328,NA,10.4456328
"1704",6167,"4/9/2014",14.63414634,14.5410036719706,14.63414634
"1705",6169,"3/24/2014",9.260581336,NA,9.260581336
"1706",6170,"3/25/2014",8.08125414,NA,8.08125414
"1707",6177,"4/11/2014",NA,NA,NA
"1708",6191,"4/18/2014",9.528869996,NA,9.528869996
"1709",6195,"4/22/2014",NA,NA,NA
"1710",6196,"4/22/2014",NA,NA,NA
"1711",6222,"5/5/2014",12.0056899,12.0056899004267,12.0056899
"1712",6224,"5/6/2014",24.31177446,NA,24.31177446
"1713",6227,"5/6/2014",NA,NA,NA
"1714",6233,"5/8/2014",NA,NA,NA
"1715",6235,"5/9/2014",NA,NA,NA
"1716",6237,"5/12/2014",8.824599709,NA,8.824599709
"1717",6239,"5/12/2014",NA,NA,NA
"1718",6240,"5/12/2014",33.46063455,NA,33.46063455
"1719",6244,"5/13/2014",7.880813144,NA,7.880813144
"1720",6245,"5/14/2014",NA,NA,NA
"1721",6253,"5/20/2014",29.43305187,29.371050255793,29.43305187
"1722",6265,"5/27/2014",4.072177518,4.0632603406326,4.072177518
"1723",6268,"5/28/2014",16.78846534,16.7884653367569,16.78846534
"1724",6269,"5/28/2014",13.43669251,13.4366925064599,13.43669251
"1725",6277,"6/11/2014",9.260581336,NA,9.260581336
"1726",6296,"6/25/2014",NA,NA,NA
"1727",6303,"7/1/2014",4.04424181,NA,4.04424181
"1728",6304,"7/1/2014",15.73926868,NA,15.73926868
"1729",6309,"7/2/2014",27.86154901,27.8615490061686,27.86154901
"1730",6312,"7/7/2014",3.270951993,NA,3.270951993
"1731",6318,"7/9/2014",NA,NA,NA
"1732",6323,"7/11/2014",NA,NA,NA
"1733",6330,"7/16/2014",3.850248403,NA,3.850248403
"1734",6331,"7/17/2014",11.52531842,11.4789603960396,11.52531842
"1735",6332,"7/17/2014",23.01754386,NA,23.01754386
"1736",6334,"7/17/2014",0.943234437,11.3179289687634,0.943234437
"1737",6335,"7/18/2014",15.6969697,NA,15.6969697
"1738",6336,"7/18/2014",32.53676471,31.8775326429536,32.53676471
"1739",6344,"7/22/2014",NA,NA,NA
"1740",6346,"7/23/2014",NA,6.60652693022022,6.60652693022022
"1741",6350,"7/30/2014",7.304373698,NA,7.304373698
"1742",6352,"7/30/2014",21.54122579,21.5412257935716,21.54122579
"1743",6353,"7/31/2014",21.77761157,NA,21.77761157
"1744",6354,"7/31/2014",4.777448071,NA,4.777448071
"1745",6356,"8/1/2014",7.608906099,NA,7.608906099
"1746",6357,"8/1/2014",15.60029417,NA,15.60029417
"1747",6359,"8/1/2014",9.856062454,9.85606245425714,9.856062454
"1748",6363,"8/5/2014",NA,17.7274299550329,17.7274299550329
"1749",6366,"8/6/2014",8.824599709,NA,8.824599709
"1750",6369,"8/6/2014",19.71063116,19.5263813876194,19.71063116
"1751",6371,"8/7/2014",9.240924092,9.06148867313916,9.240924092
"1752",6374,"8/12/2014",11.64057182,NA,11.64057182
"1753",6380,"8/13/2014",12.56969083,NA,12.56969083
"1754",6395,"8/21/2014",NA,NA,NA
"1755",6403,"2/16/2015",11.80625631,NA,11.80625631
"1756",6404,"3/30/2015",3.694078337,3.69407833673659,3.694078337
"1757",6415,"4/1/2015",5.691964286,5.51948051948052,5.691964286
"1758",6424,"5/12/2015",22.73954116,22.7395411605938,22.73954116
"1759",6429,"6/2/2015",1.72970182,NA,1.72970182
"1760",6430,"6/2/2015",28.24664141,NA,28.24664141
"1761",6432,"6/3/2015",NA,7.36005528680028,7.36005528680028
"1762",6439,"7/8/2015",3.335659456,NA,3.335659456
"1763",6449,"8/20/2014",9.241470686,NA,9.241470686
"1764",6452,"4/5/2013",19.4400755,NA,19.4400755
"1765",6453,"4/11/2013",42.0943494,42.0943494038362,42.0943494
"1766",6463,"4/7/2014",NA,6.0599959734246,6.0599959734246
"1767",6475,"3/8/2016",6.303786575,NA,6.303786575
"1768",6478,"3/14/2016",19.54630205,NA,19.54630205
"1769",6480,"3/15/2016",15.52499339,NA,15.52499339
"1770",6482,"3/15/2016",2.279360667,NA,2.279360667
"1771",6495,"6/28/2016",15.43209877,15.2608213096559,15.43209877
"1772",6500,"7/6/2016",2.389529299,NA,2.389529299
"1773",6504,"7/12/2016",4.64159812,4.64159811985899,4.64159812
"1774",6511,"7/20/2016",23.68421053,NA,23.68421053
"1775",6515,"7/25/2016",1.162790698,1.16279069767442,1.162790698
"1776",6524,"8/2/2016",28.24664141,NA,28.24664141
"1777",6527,"8/3/2016",7.802050825,7.77777777777778,7.802050825
"1778",6534,"8/8/2016",19.4400755,NA,19.4400755
"1779",6542,"8/18/2016",NA,NA,NA
"1780",6560,"8/30/2016",9.914175792,20.7769532955041,9.914175792
"1781",6562,"8/30/2016",11.65581076,NA,11.65581076
"1782",6567,"9/6/2016",18.58313107,NA,18.58313107
"1783",6568,"9/6/2016",12.66504985,NA,12.66504985
"1784",6576,"9/9/2016",7.960255825,NA,7.960255825
"1785",6582,"9/15/2016",8.258970951,8.16594706213629,8.258970951
"1786",6600,"10/10/2016",5.615874204,5.61587420441782,5.615874204
"1787",6602,"10/26/2016",15.89879154,15.8867924528302,15.89879154
"1788",6613,"10/25/2016",NA,NA,NA
"1789",6616,"10/28/2016",44.68013468,NA,44.68013468
"1790",6617,"11/17/2016",NA,6.46352723915051,6.46352723915051
"1791",6635,"11/9/2016",NA,NA,NA
"1792",6636,"11/9/2016",NA,3.21180555555556,3.21180555555556
"1793",6645,"12/1/2016",NA,7.697807435653,7.697807435653
"1794",6646,"12/1/2016",NA,NA,NA
"1795",6648,"11/30/2016",NA,NA,NA
"1796",6651,"12/5/2016",NA,NA,NA
"1797",6652,"12/5/2016",NA,NA,NA
"1798",6654,"12/6/2016",NA,NA,NA
"1799",6660,"12/8/2016",NA,NA,NA
"1800",6671,"12/28/2016",NA,28.5356936694247,28.5356936694247
"1801",6676,"1/3/2017",NA,NA,NA
"1802",6681,"1/5/2017",NA,18.3202785030461,18.3202785030461
"1803",6696,"1/12/2017",NA,NA,NA
"1804",6703,"1/19/2017",NA,NA,NA
"1805",6712,"1/31/2017",NA,NA,NA
"1806",6714,"1/31/2017",NA,NA,NA
"1807",6718,"1/23/2017",NA,NA,NA
"1808",6720,"1/27/2017",NA,NA,NA
"1809",6726,"1/24/2017",NA,NA,NA
"1810",6727,"1/24/2017",NA,NA,NA
"1811",6735,"2/14/2017",NA,5.58954393770856,5.58954393770856
"1812",6742,"2/16/2017",NA,NA,NA
"1813",6747,"2/21/2017",NA,NA,NA
"1814",6800,"3/14/2017",NA,NA,NA
"1815",6842,"3/27/2017",NA,3.78653675819309,3.78653675819309
"1816",6861,"4/4/2017",NA,NA,NA
"1817",6877,"4/7/2017",NA,9.42097026604069,9.42097026604069
"1818",6887,"4/13/2017",NA,NA,NA
"1819",6891,"4/17/2017",NA,NA,NA
"1820",6904,"4/19/2017",NA,NA,NA
"1821",6944,"5/8/2017",NA,NA,NA
"1822",6945,"5/9/2017",NA,7.01929474384564,7.01929474384564
"1823",6948,"5/10/2017",NA,NA,NA
"1824",6959,"5/15/2017",NA,NA,NA
"1825",7062,"5/30/2017",NA,19.0567240280433,19.0567240280433
"1826",7064,"5/30/2017",NA,11.6526085598251,11.6526085598251
"1827",7068,"5/30/2017",NA,20.120572720422,20.120572720422
"1828",7078,"6/13/2017",NA,NA,NA
"1829",7090,"6/20/2017",NA,NA,NA
"1830",7101,"7/12/2017",NA,NA,NA
"1831",7110,"7/31/2017",NA,10.142199916353,10.142199916353
"1832",7124,"8/15/2017",NA,NA,NA
"1833",7127,"8/18/2017",NA,NA,NA
"1834",7129,"8/29/2017",NA,8.7719298245614,8.7719298245614
"1835",7130,"8/30/2017",NA,NA,NA
"1836",7134,"9/6/2017",NA,NA,NA
"1837",7146,"9/25/2017",NA,NA,NA
"1838",7149,"9/27/2017",NA,NA,NA
"1839",7152,"10/9/2017",NA,9.41634241245136,9.41634241245136
"1840",7153,"10/9/2017",NA,NA,NA
"1841",7155,"10/11/2017",NA,9.28190115377992,9.28190115377992
"1842",7157,"10/18/2017",NA,NA,NA
"1843",7163,"10/24/2017",NA,27.1544715447154,27.1544715447154
"1844",7164,"10/26/2017",NA,NA,NA
"1845",7174,"11/20/2017",NA,NA,NA
"1846",7177,"11/29/2017",NA,NA,NA
"1847",7193,"1/25/2018",NA,NA,NA
"1848",7194,"1/25/2018",NA,NA,NA
"1849",7197,"1/29/2018",NA,19.6730881494454,19.6730881494454
"1850",7198,"2/5/2018",NA,NA,NA
"1851",7201,"2/26/2018",NA,NA,NA
"1852",7625,"8/16/2019",NA,NA,NA
